timestamp,temperature,solar_generation,electricity_price,energy_demand
2025-01-01 00:00:00,5.915200508590541,0.0,0.1031952467078295,3.664982320027197
2025-01-01 01:00:00,5.064955348449709,0.0,0.1165361726849228,3.2541797888252466
2025-01-01 02:00:00,6.543585874871415,0.0,0.1013988723283912,2.998322011528055
2025-01-01 03:00:00,8.333353720126087,0.0,0.1099611821491113,3.1084798999111958
2025-01-01 04:00:00,6.318899216988688,0.0,0.0860977807484653,3.277950427342799
2025-01-01 05:00:00,7.042466708342358,0.0,0.1015776143929377,3.716916432681074
2025-01-01 06:00:00,10.53894850233478,0.0,0.0890263168102893,3.90562220002141
2025-01-01 07:00:00,10.097738508110618,1.1246184981893848,0.135230750724681,4.093868074973905
2025-01-01 08:00:00,8.965917700171264,2.458742921565995,0.1426062859254096,4.298735679649663
2025-01-01 09:00:00,11.10528968801228,3.033844830671698,0.1619189933441357,4.1650688235180136
2025-01-01 10:00:00,10.073078951208316,3.87112339484318,0.1595001582866964,4.034142290623144
2025-01-01 11:00:00,10.369312127585513,4.72351361880941,0.1524300472205439,3.0669896725702888
2025-01-01 12:00:00,11.533072686422743,4.707721350267527,0.1346729944011007,3.1579738482872357
2025-01-01 13:00:00,8.197986390954199,3.92378700778726,0.1480371934861206,3.460255719162858
2025-01-01 14:00:00,8.180828741657457,3.591669793538127,0.1530170000890173,3.549951063487592
2025-01-01 15:00:00,9.448018328771877,2.8339719667563026,0.1517553622957859,3.6770081161882975
2025-01-01 16:00:00,8.150882598572055,2.3154608951145814,0.1315620641651925,4.435939386526329
2025-01-01 17:00:00,9.417957413274165,1.1511425888925833,0.2910968215198012,4.299326890700657
2025-01-01 18:00:00,6.808093165791875,5.063026462952873e-16,0.2993592223585128,5.174623562172224
2025-01-01 19:00:00,5.275216591763192,0.0,0.3053629090951719,5.443686727275588
2025-01-01 20:00:00,8.868602432456024,0.0,0.2780387217890005,4.905837935973327
2025-01-01 21:00:00,5.710144484784246,0.0,0.2983787602452014,5.1219974260281695
2025-01-01 22:00:00,5.6733453747522615,0.0,0.1514304876987895,4.023334977759139
2025-01-01 23:00:00,3.135229520886301,0.0,0.1584961198851621,4.015355559050755
2025-01-02 00:00:00,4.475023745989418,0.0,0.1069285758423743,3.898936531724036
2025-01-02 01:00:00,5.560204238474786,0.0,0.105825713188088,3.700064029440735
2025-01-02 02:00:00,3.967031255290422,0.0,0.0920005949329806,3.627993414809659
2025-01-02 03:00:00,6.733824516736058,0.0,0.0809199786287669,3.588726858666172
2025-01-02 04:00:00,5.890639797898985,0.0,0.096069472429386,3.724369317943827
2025-01-02 05:00:00,7.077600072779715,0.0,0.1100163182520856,4.097721620253916
2025-01-02 06:00:00,7.389037914433097,0.0,0.1139345452752443,4.198013450109109
2025-01-02 07:00:00,11.846472244848162,1.0781753801490888,0.1571054910229778,4.267296222050369
2025-01-02 08:00:00,9.771351995670292,2.222770819370945,0.1542934082280173,5.015851261644572
2025-01-02 09:00:00,8.826351782902984,2.9763435858618,0.1537963964838596,4.5442937707975535
2025-01-02 10:00:00,12.123491412285292,3.5073847236135065,0.1444388125323921,3.6254497315298417
2025-01-02 11:00:00,9.358109836687865,4.678606304004026,0.1486993970644638,3.671818032225525
2025-01-02 12:00:00,11.604893225284323,4.981192529164116,0.1666906952582633,2.912252732321872
2025-01-02 13:00:00,8.249870125824735,4.629820491086861,0.1405744199420812,3.768161971335674
2025-01-02 14:00:00,8.897394970782862,4.203501046702105,0.1661477879070985,3.309160303100413
2025-01-02 15:00:00,10.70821003014052,2.999530794485434,0.1467797184550794,3.2275024050046204
2025-01-02 16:00:00,10.899297702770308,2.4803134877565998,0.1632543210909507,3.498588988086608
2025-01-02 17:00:00,9.32510738986971,1.0862443031928617,0.2859318499050246,4.60113134155429
2025-01-02 18:00:00,8.118125409194832,6.063752668462406e-16,0.3058590420116465,5.1689428595138445
2025-01-02 19:00:00,7.063485154085697,0.0,0.2926322986405237,5.212911312163673
2025-01-02 20:00:00,4.5738148472260525,0.0,0.2858473280807581,5.536107346274246
2025-01-02 21:00:00,5.090511176625488,0.0,0.3021853404241094,4.588067558237387
2025-01-02 22:00:00,5.002563464984196,0.0,0.1600947178859597,4.409825818732073
2025-01-02 23:00:00,6.979503693238361,0.0,0.141550585614065,3.816803863216962
2025-01-03 00:00:00,5.929592700429407,0.0,0.085009840395416,3.7904180318021705
2025-01-03 01:00:00,2.871827554165409,0.0,0.0990815523566504,3.664498169631704
2025-01-03 02:00:00,6.302215008815591,0.0,0.0991256467122281,3.16472716798959
2025-01-03 03:00:00,5.715221501892597,0.0,0.1054831962755449,3.360993228038235
2025-01-03 04:00:00,5.898782265617777,0.0,0.1094959457136448,3.387835353256181
2025-01-03 05:00:00,8.555222564030455,0.0,0.099405848187275,3.887683471055426
2025-01-03 06:00:00,9.960664549820642,0.0,0.1185550331479426,4.184244194102056
2025-01-03 07:00:00,10.587542580058576,1.2702576792658546,0.1522423474453529,4.277284674640368
2025-01-03 08:00:00,8.655338981242757,2.47185079641011,0.146535734939931,4.865629430414382
2025-01-03 09:00:00,10.071667045859536,3.5073455214799263,0.1338843264089717,4.302027784349321
2025-01-03 10:00:00,11.509136624535376,3.9156989093188046,0.1473734047968383,3.6702843433607097
2025-01-03 11:00:00,12.77526043562746,4.807710253721807,0.1466361305458886,3.050663039497825
2025-01-03 12:00:00,10.69540390930878,4.757310207134439,0.1596030479628147,3.0323694236042007
2025-01-03 13:00:00,11.033454279948195,4.019865920790801,0.1546248362406685,2.6469780204741067
2025-01-03 14:00:00,9.352739016420989,3.8771092224065207,0.1382063087836738,3.27135576280611
2025-01-03 15:00:00,8.74117567351535,3.3363639699894376,0.1517225438641103,3.5100664098019347
2025-01-03 16:00:00,11.132953999668011,2.1236701579095416,0.1567153117172905,3.786760178278466
2025-01-03 17:00:00,11.224982444240514,1.2010795904943832,0.3152803135938783,4.172406995996228
2025-01-03 18:00:00,8.306150083706214,5.71493733956395e-16,0.3088750396741406,4.9404016756931135
2025-01-03 19:00:00,9.143007477607188,0.0,0.3076084665431147,4.888600901622387
2025-01-03 20:00:00,7.456619303648167,0.0,0.3006008599461516,5.08931118984346
2025-01-03 21:00:00,5.3251652906093865,0.0,0.3038831200542345,5.009267704365123
2025-01-03 22:00:00,6.35818246298602,0.0,0.1624950490070615,3.98148962574045
2025-01-03 23:00:00,7.823442636908464,0.0,0.1366722260252034,3.6424746702973594
2025-01-04 00:00:00,5.484056200931622,0.0,0.0965056067278304,3.549025040135956
2025-01-04 01:00:00,7.986983264450354,0.0,0.0922743125124376,3.0612302882195963
2025-01-04 02:00:00,2.0101013921086173,0.0,0.1037915311872612,3.817880066773291
2025-01-04 03:00:00,7.649328672599743,0.0,0.1123022217565078,3.3541081294916286
2025-01-04 04:00:00,7.168365861953807,0.0,0.0940302571327892,3.276114818100317
2025-01-04 05:00:00,7.312827098590186,0.0,0.0760969563253056,3.839424198406341
2025-01-04 06:00:00,8.675436424399804,0.0,0.0958777925497553,3.849672835415909
2025-01-04 07:00:00,6.332899023002773,1.2547656242474854,0.159134737320174,4.936369324503942
2025-01-04 08:00:00,9.70828742784028,2.364430721134973,0.1553762990294988,4.962582176763309
2025-01-04 09:00:00,11.194784460423811,2.8958846006546577,0.1542818624781057,3.968310658145197
2025-01-04 10:00:00,13.35271253806214,3.8353684559657353,0.1472000669812552,3.574919135752586
2025-01-04 11:00:00,10.658167411053284,3.891879133207982,0.1372096926378021,3.225973345281074
2025-01-04 12:00:00,10.325054855256768,4.480890146603009,0.1551529432162446,3.3470803431255134
2025-01-04 13:00:00,10.68293717308695,4.50356542527061,0.1416571818996537,2.7455487027422194
2025-01-04 14:00:00,12.508974647502978,3.56672789758886,0.1718409673338045,2.935873886040346
2025-01-04 15:00:00,11.152242267645718,3.032699624031523,0.1557050720835451,3.054207407171229
2025-01-04 16:00:00,9.243154953945991,2.1989183127510783,0.1441935169744604,3.8230670011298593
2025-01-04 17:00:00,10.084153544574146,1.2732683221537056,0.2938861475261137,4.084396709639009
2025-01-04 18:00:00,8.68341158361861,6.114973771964201e-16,0.2990705579338641,5.092141130196594
2025-01-04 19:00:00,9.21430561008832,0.0,0.2976049807797825,4.88688766083826
2025-01-04 20:00:00,5.9847156187805215,0.0,0.3111683377552995,5.361901836529592
2025-01-04 21:00:00,5.924981696140256,0.0,0.3018641616974404,4.72082268388572
2025-01-04 22:00:00,5.3515568185449975,0.0,0.1426836826109147,4.308058026930372
2025-01-04 23:00:00,3.4447453585311667,0.0,0.1689044068515578,4.179974774446512
2025-01-05 00:00:00,6.106631594698329,0.0,0.1004930833152022,3.275342468246285
2025-01-05 01:00:00,6.156256608504094,0.0,0.1076883967596889,3.4666038663649776
2025-01-05 02:00:00,6.072045152711841,0.0,0.0939177349255524,3.754084989353387
2025-01-05 03:00:00,6.189250135479102,0.0,0.1036311562774452,3.32757642702632
2025-01-05 04:00:00,5.039395066025843,0.0,0.1031110999114319,3.992637545924967
2025-01-05 05:00:00,7.255026059645864,0.0,0.0811035070790384,4.075995106727337
2025-01-05 06:00:00,8.14837940431131,0.0,0.1201527511046064,3.928759554752759
2025-01-05 07:00:00,8.235492410576597,1.1280831154162816,0.1629064446092254,4.204476458370329
2025-01-05 08:00:00,9.92052261160245,2.3283155368539377,0.1460280468385401,4.529940585668542
2025-01-05 09:00:00,11.389847807882916,2.998414826243063,0.1389773025954414,4.0075729122370936
2025-01-05 10:00:00,14.089806242270576,3.630025973330007,0.1534756161380355,3.753346962605239
2025-01-05 11:00:00,11.822095377216428,4.750654153684164,0.1508669769941439,3.2386118784178675
2025-01-05 12:00:00,12.048776765185613,4.101803682949537,0.1535566894856322,2.771602997567458
2025-01-05 13:00:00,11.44855978431942,4.352421115252626,0.1519157739619409,2.677293769009024
2025-01-05 14:00:00,8.382370567506218,3.655365735680212,0.1550624098930592,3.5529300157725805
2025-01-05 15:00:00,10.744000709487285,2.855954765805113,0.164473056993918,3.163557392711274
2025-01-05 16:00:00,10.252796494013005,2.018009409145713,0.1556810320512864,3.752072694033577
2025-01-05 17:00:00,13.133771483136956,1.080626912147686,0.2895034450109006,4.11580816106343
2025-01-05 18:00:00,8.373909731929782,5.960074736831003e-16,0.3136256285271245,4.867959587833937
2025-01-05 19:00:00,8.338315057294322,0.0,0.3164061456348828,5.150216832313425
2025-01-05 20:00:00,7.110383524543601,0.0,0.3315205673451208,5.113115154007152
2025-01-05 21:00:00,4.788113779112525,0.0,0.288765059667604,5.062731341884732
2025-01-05 22:00:00,7.778609189520679,0.0,0.1524288201315027,4.157855083875128
2025-01-05 23:00:00,6.892573249264421,0.0,0.1291790129681101,3.69266149982753
2025-01-06 00:00:00,6.974644006916786,0.0,0.1055314915637921,3.3362757254111437
2025-01-06 01:00:00,4.526237425292902,0.0,0.0945179970183322,3.545776943337446
2025-01-06 02:00:00,8.294211341403049,0.0,0.1192344579482495,2.885835652455671
2025-01-06 03:00:00,4.563999148604151,0.0,0.0922538502998141,3.729745674097483
2025-01-06 04:00:00,8.168381727052621,0.0,0.0831081696203273,3.7612354701135975
2025-01-06 05:00:00,11.29732238975962,0.0,0.0952873625929748,3.114556192277917
2025-01-06 06:00:00,7.302291598656183,0.0,0.0802451222878286,4.038915147316443
2025-01-06 07:00:00,8.71510662725562,1.1438373096762828,0.157510994545073,4.2637881190582085
2025-01-06 08:00:00,10.437573133983678,2.3901827515034406,0.1293491695374368,4.552420698693067
2025-01-06 09:00:00,10.15420294873756,3.165247351884864,0.1502845758118315,4.3550288907272
2025-01-06 10:00:00,9.060177151106332,3.894983766491432,0.129221881801438,3.9514742712290567
2025-01-06 11:00:00,11.788718027428462,4.061409108622367,0.1467970219546335,3.052051839964664
2025-01-06 12:00:00,10.19464051576306,4.591130303258517,0.1664337815580453,3.173014587433185
2025-01-06 13:00:00,12.396262211172193,4.043496775995734,0.1536064789143579,2.4800769545218726
2025-01-06 14:00:00,10.007035946354828,3.751245067528088,0.1413650639503506,3.1686744918640803
2025-01-06 15:00:00,13.234318037438166,3.4330247784309478,0.1496879651106091,3.1532609853915923
2025-01-06 16:00:00,9.11321614784786,2.103537904605428,0.1501801687204444,3.629816748354573
2025-01-06 17:00:00,9.081460947351266,1.0536932998298048,0.304726303458434,4.104421220969284
2025-01-06 18:00:00,10.00837191240672,4.983097123999563e-16,0.2863314163671917,5.084563374901843
2025-01-06 19:00:00,6.16534247639372,0.0,0.3059256727384733,5.297807379868612
2025-01-06 20:00:00,7.62928598825841,0.0,0.2729560836839722,5.281350109514644
2025-01-06 21:00:00,8.627489874216216,0.0,0.2937011544763618,4.434541775129505
2025-01-06 22:00:00,3.778795023157058,0.0,0.1451172615754845,4.487292953348431
2025-01-06 23:00:00,6.1672693952834665,0.0,0.1563332682607123,3.91140324845554
2025-01-07 00:00:00,6.3045169414237785,0.0,0.1002263085267687,3.2271613896217124
2025-01-07 01:00:00,7.189649578849904,0.0,0.0859443694614371,3.327022715914432
2025-01-07 02:00:00,4.4611904723807045,0.0,0.0901500687418298,3.5650227551574227
2025-01-07 03:00:00,4.812687486865086,0.0,0.101986800095474,3.384284213345538
2025-01-07 04:00:00,8.19760509847649,0.0,0.0992093265813544,3.4467867283213995
2025-01-07 05:00:00,8.58371262459336,0.0,0.0942087589036425,3.564271630860498
2025-01-07 06:00:00,9.290432025569958,0.0,0.0951916621048802,3.923539272318389
2025-01-07 07:00:00,10.210822199604168,1.1083854240709594,0.1569616799715928,4.0164156160223
2025-01-07 08:00:00,9.394655667683407,2.2126140927188467,0.1448230742713078,4.850932512457035
2025-01-07 09:00:00,11.384393639352291,2.8549938975438307,0.1491190875597092,4.293051754291366
2025-01-07 10:00:00,11.95237767135248,3.574837513297023,0.1716993658808054,3.828948924117205
2025-01-07 11:00:00,10.740943101878797,4.603164682711218,0.1357631736311607,3.3002997028700807
2025-01-07 12:00:00,14.71335451676828,4.000011634755366,0.1314815726842534,2.26645697108389
2025-01-07 13:00:00,12.52321961028603,4.266074997236822,0.157835896647986,3.168349968593275
2025-01-07 14:00:00,9.725813715600486,3.916608705693882,0.1432135693870589,3.161516344581929
2025-01-07 15:00:00,12.020843506561532,2.867059493615072,0.1468176247225738,2.974813092675191
2025-01-07 16:00:00,8.952670244710161,2.4865390814861663,0.1421884362186888,3.982682398954456
2025-01-07 17:00:00,10.871776790972383,1.093801722717615,0.2974019985923248,4.429511132701341
2025-01-07 18:00:00,10.65258611856225,5.2711231848967085e-16,0.3159853811209634,4.686759980607114
2025-01-07 19:00:00,6.907212137216015,0.0,0.3080212845861811,5.586849982058729
2025-01-07 20:00:00,8.859756943917628,0.0,0.3086222351188697,5.123104013350147
2025-01-07 21:00:00,7.412543796896249,0.0,0.2858377294420735,4.395858599967055
2025-01-07 22:00:00,7.549706778689562,0.0,0.1384884626344713,3.9324164849409016
2025-01-07 23:00:00,8.86210474516486,0.0,0.1216092134051457,3.691847899226397
2025-01-08 00:00:00,5.67412148287031,0.0,0.0919061917891724,2.937086103235329
2025-01-08 01:00:00,5.013821931471176,0.0,0.1095670318638565,3.5317314662677526
2025-01-08 02:00:00,5.109855801083015,0.0,0.1051694651574837,3.2773145583530296
2025-01-08 03:00:00,5.697167885866816,0.0,0.0977848673704787,3.446934493859632
2025-01-08 04:00:00,7.42655109275346,0.0,0.0997769971628194,3.4120527762570427
2025-01-08 05:00:00,8.777474483792018,0.0,0.0931111445742459,3.522032893550741
2025-01-08 06:00:00,9.457239855869645,0.0,0.1020475888240178,3.824475047948847
2025-01-08 07:00:00,11.059435665736215,1.2197161533623255,0.1576587827948061,3.937185458843523
2025-01-08 08:00:00,10.561706494691476,2.4083897332528177,0.1338411321258952,4.850988593027243
2025-01-08 09:00:00,13.343825116170231,2.956847592905079,0.1529964768783734,4.2560695406282605
2025-01-08 10:00:00,11.243294618370998,3.78534595150779,0.1593243487095466,3.4887945495893318
2025-01-08 11:00:00,16.020234885626248,4.734910634964521,0.1458489971103663,3.0442969795694363
2025-01-08 12:00:00,12.980704678522123,4.80669351969474,0.1570070061212058,2.740318431479542
2025-01-08 13:00:00,10.654244801117397,4.81500347162235,0.1781465444447255,3.0278809638619517
2025-01-08 14:00:00,10.033941121136262,4.117299768782639,0.148956572070131,3.124105765539426
2025-01-08 15:00:00,11.887232623299036,3.106458117723042,0.1539330705000532,3.008656629619908
2025-01-08 16:00:00,10.20700947888584,2.2953189169973185,0.142619429163386,3.9455718446779806
2025-01-08 17:00:00,10.889661533320316,1.2063592584935303,0.3018125116260205,4.219118112134262
2025-01-08 18:00:00,9.752060093734933,4.994667860916672e-16,0.304602716249823,4.704122930159637
2025-01-08 19:00:00,8.156503152581744,0.0,0.3019484234027014,4.920302137866871
2025-01-08 20:00:00,6.272013079772009,0.0,0.2898030468029114,5.038314286600423
2025-01-08 21:00:00,4.648612476286177,0.0,0.3020636177132545,4.614530572800256
2025-01-08 22:00:00,5.774355017420768,0.0,0.1646219593871763,4.282661427108086
2025-01-08 23:00:00,7.42902436949262,0.0,0.1544863576451452,3.4329769931942327
2025-01-09 00:00:00,6.491731638784334,0.0,0.1096198718907184,3.328383294784026
2025-01-09 01:00:00,4.404205375653841,0.0,0.0976298802998737,3.908796962320905
2025-01-09 02:00:00,6.832286200012485,0.0,0.1074990023942371,3.5966490653907446
2025-01-09 03:00:00,7.62724674862264,0.0,0.1027926783821652,3.3041804117951146
2025-01-09 04:00:00,6.344804868287328,0.0,0.0904908927031276,3.584209395770189
2025-01-09 05:00:00,8.624721546199758,0.0,0.1031852100479887,3.9879870315275143
2025-01-09 06:00:00,9.257904100258028,0.0,0.0900830333655968,4.062998813116504
2025-01-09 07:00:00,8.232592711150655,1.0618092643375323,0.143671197251152,4.430274051344249
2025-01-09 08:00:00,11.207272063111452,2.256927232103384,0.1518932830729237,4.0299348480290185
2025-01-09 09:00:00,12.133088155701024,3.188267087486416,0.1529724427338012,4.106640218685245
2025-01-09 10:00:00,13.393244098705258,3.783908143273497,0.1381076753492287,3.629078530517049
2025-01-09 11:00:00,13.649071579508586,4.764839523899499,0.1605398577118287,2.8860829211401136
2025-01-09 12:00:00,10.104086970653391,4.827506319873222,0.1557200627830047,3.223646205545968
2025-01-09 13:00:00,10.661630941583548,4.53715585347383,0.1429527156438911,2.928442473356665
2025-01-09 14:00:00,12.541220134755331,4.082726628284136,0.1346241520355082,2.7990805960447203
2025-01-09 15:00:00,12.062590292516983,3.15490974101975,0.1485509542091856,2.6219990260520807
2025-01-09 16:00:00,11.4431625520481,2.4604972605482875,0.1455405628613884,3.5561067264340536
2025-01-09 17:00:00,15.726145393878673,1.2150507056243571,0.3011314045705302,3.8074366032335374
2025-01-09 18:00:00,10.026926788628778,5.791331520385249e-16,0.2963688333884443,4.640168700302912
2025-01-09 19:00:00,10.097482347552363,0.0,0.2799254313925499,4.958807796873555
2025-01-09 20:00:00,9.101593667828832,0.0,0.2961165306169884,4.726293477439045
2025-01-09 21:00:00,8.026357555988083,0.0,0.2969438088893169,4.609565521615001
2025-01-09 22:00:00,6.099610944275193,0.0,0.1563366102477406,4.197881366695286
2025-01-09 23:00:00,7.4112673744617235,0.0,0.1430180032538895,3.486592642918418
2025-01-10 00:00:00,5.140578981440736,0.0,0.1167867467337256,3.810144009701992
2025-01-10 01:00:00,6.046811414269875,0.0,0.0808835944934824,3.623450269671349
2025-01-10 02:00:00,5.973695270150122,0.0,0.1131116749780262,3.338838709604276
2025-01-10 03:00:00,7.301307668766935,0.0,0.0977568102912189,3.4493061420818782
2025-01-10 04:00:00,11.271804653257355,0.0,0.1085958487234355,3.117868767366492
2025-01-10 05:00:00,5.722461879051909,0.0,0.1007980148405873,4.08874352870329
2025-01-10 06:00:00,10.329207088808865,0.0,0.1113955553602547,3.491440051219646
2025-01-10 07:00:00,7.657200131770179,1.1637173969548635,0.1461263803544718,4.766203761051735
2025-01-10 08:00:00,10.091919004562945,2.190258854934947,0.1390137957482218,4.335041045893783
2025-01-10 09:00:00,13.054563042257785,2.943710517063552,0.1642050428727106,3.845723001977231
2025-01-10 10:00:00,11.994313043243604,4.144975682594746,0.1488651935411785,4.158661853107915
2025-01-10 11:00:00,10.58097711522034,4.5731216671093815,0.1522155847362421,3.4409592379016343
2025-01-10 12:00:00,11.226861239357142,4.384355038524135,0.1623475191404479,2.953408247184475
2025-01-10 13:00:00,13.216990905516312,3.888038274351884,0.1396804475790556,2.253455062116558
2025-01-10 14:00:00,10.802343067024704,4.190694614648811,0.1559549089763925,3.322505150801468
2025-01-10 15:00:00,11.745825031179695,2.8365008582740416,0.144101052435371,2.8885333347633013
2025-01-10 16:00:00,10.868174563102814,2.3518498898145253,0.1486783064435562,3.4687737851508142
2025-01-10 17:00:00,9.098873417145931,1.286397199053314,0.3007227896538428,4.342564920142286
2025-01-10 18:00:00,12.515732937235082,5.43456774121669e-16,0.2849977813855306,4.751074831923526
2025-01-10 19:00:00,9.474238201416547,0.0,0.2922116295717956,5.177739818099942
2025-01-10 20:00:00,4.762102923260684,0.0,0.3135107289241314,5.366655006157554
2025-01-10 21:00:00,7.458177931841593,0.0,0.3088619118858479,4.66731715398179
2025-01-10 22:00:00,5.709060894741196,0.0,0.1493736042267276,4.16797487357238
2025-01-10 23:00:00,7.680689326574225,0.0,0.1524312345851289,3.670041054714389
2025-01-11 00:00:00,5.241061598812033,0.0,0.0970575749436354,3.546243151040038
2025-01-11 01:00:00,6.35996056539353,0.0,0.1135658338582798,3.5938399479663383
2025-01-11 02:00:00,7.589247413578454,0.0,0.0979964742220583,3.459389429666301
2025-01-11 03:00:00,8.607155154156624,0.0,0.1023184209213484,3.2918422583926894
2025-01-11 04:00:00,6.12939809587742,0.0,0.1114603014414206,3.5550056421787875
2025-01-11 05:00:00,8.151633717392098,0.0,0.0922262851515409,3.817147119978258
2025-01-11 06:00:00,8.71742473971965,0.0,0.1155878918449689,4.005311419068758
2025-01-11 07:00:00,9.22630599290808,1.137911825714614,0.1346953859025662,4.160206875766035
2025-01-11 08:00:00,13.57802406688273,2.0658575142895463,0.1662964213111279,3.949990672618368
2025-01-11 09:00:00,12.15863561646216,3.4402836236026424,0.1462732441604802,4.041705276517824
2025-01-11 10:00:00,10.136592986311832,3.600304208756066,0.1475730125217471,4.036055066220637
2025-01-11 11:00:00,13.704413105910453,4.162935399037144,0.1310998982881705,2.969066608443188
2025-01-11 12:00:00,15.613077001980034,4.290045531962437,0.145452052826223,2.2624871085112424
2025-01-11 13:00:00,13.876318076155007,4.705424626171965,0.1396019346897311,2.626743012850459
2025-01-11 14:00:00,9.74886396888338,4.046679497324517,0.1439235365462652,3.1936610238004657
2025-01-11 15:00:00,10.824811940721348,3.391765943145383,0.1486268903421112,3.3052643655605745
2025-01-11 16:00:00,12.830209430241018,2.1252339493962493,0.159577916144729,3.617991684985016
2025-01-11 17:00:00,9.144795643340476,1.1970054981796652,0.3020760335140062,4.607109360834491
2025-01-11 18:00:00,10.095571848680429,5.598774084771762e-16,0.3030767665340111,4.639369629733692
2025-01-11 19:00:00,9.815336651297526,0.0,0.2890448061115444,4.858931315171283
2025-01-11 20:00:00,6.53944699909396,0.0,0.2911924591039727,4.976901476834518
2025-01-11 21:00:00,7.219234328808742,0.0,0.3179872501835131,4.774095107674063
2025-01-11 22:00:00,1.969865485004159,0.0,0.1426479896523675,5.0265194829825885
2025-01-11 23:00:00,4.995483765592445,0.0,0.1665620825205729,3.901318598537349
2025-01-12 00:00:00,6.181777975659947,0.0,0.0975693880111913,3.370403723917662
2025-01-12 01:00:00,4.791177950935207,0.0,0.100022879361435,3.881696393944862
2025-01-12 02:00:00,9.411170947293824,0.0,0.1107036516022993,3.1484345517756687
2025-01-12 03:00:00,5.294097792249096,0.0,0.1127189242193865,3.6778608063406746
2025-01-12 04:00:00,7.400563472704212,0.0,0.0988918743972091,3.236752007274048
2025-01-12 05:00:00,8.980283933371263,0.0,0.0961175694647846,3.705090249038617
2025-01-12 06:00:00,11.72254013634886,0.0,0.0994407955147778,3.477263996611911
2025-01-12 07:00:00,8.183294111288088,1.1399755720621312,0.1533795752823211,4.27494713811607
2025-01-12 08:00:00,12.805375830982126,2.034176600154979,0.1589130368686975,4.054011703955286
2025-01-12 09:00:00,11.697300137838711,3.382629024188403,0.1500422985899415,3.963001592506035
2025-01-12 10:00:00,10.686443437531077,3.711575583577917,0.1561888629802315,3.7437099164643706
2025-01-12 11:00:00,13.151562893011798,4.281724010923733,0.1663835973227094,2.783917941517473
2025-01-12 12:00:00,12.859219746109892,4.685443883221902,0.1538130961226478,3.026552982757116
2025-01-12 13:00:00,11.5580823658787,4.184831293455032,0.1531165285600478,3.119120220327538
2025-01-12 14:00:00,12.26340954158803,3.513106230850622,0.1348108917490993,2.4797558522364342
2025-01-12 15:00:00,11.10398015101669,3.092829232717325,0.1236926986317093,3.430288215677893
2025-01-12 16:00:00,11.23090622062656,2.4722242913471515,0.1538837572923016,3.46382804098354
2025-01-12 17:00:00,11.33028334983882,1.201369264328339,0.2990517576871913,4.312461295433266
2025-01-12 18:00:00,11.939655426967716,5.720911986698899e-16,0.2948521732508525,4.523232476282269
2025-01-12 19:00:00,6.9274498192018505,0.0,0.3024353020418634,5.334461539448753
2025-01-12 20:00:00,11.260180264734087,0.0,0.2993959627080309,4.581433697264554
2025-01-12 21:00:00,4.511178159906292,0.0,0.3112778025063389,5.201724554732959
2025-01-12 22:00:00,6.734876348842996,0.0,0.1508611086825897,3.91703655514938
2025-01-12 23:00:00,7.545328533609346,0.0,0.1425307671492983,3.779921679704106
2025-01-13 00:00:00,7.113628338557676,0.0,0.1099016623895929,3.527133826292844
2025-01-13 01:00:00,5.860313778357032,0.0,0.0978286892505379,3.6033115993825295
2025-01-13 02:00:00,6.781880950065899,0.0,0.105265366836723,3.827777563664701
2025-01-13 03:00:00,6.831318791407235,0.0,0.095225892938072,3.3003577929365475
2025-01-13 04:00:00,7.308093401538811,0.0,0.0935017311450256,3.677492681527348
2025-01-13 05:00:00,10.190086547179105,0.0,0.1008416823018569,3.402950194457508
2025-01-13 06:00:00,10.2276637659027,0.0,0.1001282864354368,4.089157644437935
2025-01-13 07:00:00,9.429233279371708,1.2865057569964466,0.1547982703536683,4.350700675988753
2025-01-13 08:00:00,12.541540350105004,2.056651752363732,0.1473135424669025,4.077451120641388
2025-01-13 09:00:00,12.274410161829683,3.11381613040976,0.131636402162296,4.272121375091182
2025-01-13 10:00:00,13.509509926566883,4.103128757075619,0.1456722611641161,3.350949488853296
2025-01-13 11:00:00,13.53436127870775,4.544250623214305,0.1579381846714381,2.743633310358831
2025-01-13 12:00:00,11.44864802057202,4.4227286368939325,0.1470262392075689,2.9006889518933594
2025-01-13 13:00:00,11.74964645552688,4.198419948415134,0.1475361659748545,2.994401859984178
2025-01-13 14:00:00,13.411157155993337,3.808444035823696,0.1598637650590593,3.0099023836533787
2025-01-13 15:00:00,12.729016278664968,3.0152986625323046,0.1428802677274107,3.061818194286092
2025-01-13 16:00:00,11.160788146008905,2.1026664693534,0.134571967817571,3.8979873493487887
2025-01-13 17:00:00,10.644588747225864,1.1602960536788869,0.298393688804745,3.951714556054746
2025-01-13 18:00:00,11.608637880637763,5.227446201420626e-16,0.2951582604875126,4.4879911874115646
2025-01-13 19:00:00,8.02832631839382,0.0,0.2903375368024674,5.138886223298697
2025-01-13 20:00:00,9.012786608710186,0.0,0.2982462154410131,4.865228580377162
2025-01-13 21:00:00,7.267531214744644,0.0,0.3049150564724678,4.645355224955699
2025-01-13 22:00:00,6.767542520760982,0.0,0.1499071143843218,4.299216408502666
2025-01-13 23:00:00,8.442528336068708,0.0,0.1530698107268623,3.461728268027883
2025-01-14 00:00:00,8.0624592632092,0.0,0.1181340769851542,3.2208138197473755
2025-01-14 01:00:00,8.14682171486091,0.0,0.0965712113844243,3.176638052829172
2025-01-14 02:00:00,9.184476739105332,0.0,0.1027834863464467,2.889348305337056
2025-01-14 03:00:00,7.734520158616652,0.0,0.0949078663740086,3.2750296436000697
2025-01-14 04:00:00,9.347264196669602,0.0,0.0915364028011302,3.212599315613523
2025-01-14 05:00:00,8.58247746952941,0.0,0.0941509234658223,3.584065297843146
2025-01-14 06:00:00,10.31058426845982,0.0,0.0952124142847831,3.838877860176837
2025-01-14 07:00:00,10.405577293483192,1.1044849179186496,0.1535947579754712,4.250211901562326
2025-01-14 08:00:00,11.469828687216234,2.007555342107237,0.1734907578670075,4.197172640739069
2025-01-14 09:00:00,12.83839062144217,3.510796036436689,0.1428395656372416,4.1977722259576105
2025-01-14 10:00:00,11.195079926230264,3.681381366339099,0.1458337469438453,3.493097350856873
2025-01-14 11:00:00,15.860693132122552,4.516694556036562,0.1493687698688875,2.602824618035187
2025-01-14 12:00:00,11.315308667477604,4.70662986987871,0.1539579884870974,3.5760517757441663
2025-01-14 13:00:00,10.900829299412765,4.452925223541236,0.1526355081195478,2.764855058402319
2025-01-14 14:00:00,14.159577261330574,3.735087367558767,0.1628409579394811,2.37093328575354
2025-01-14 15:00:00,13.133149124231204,3.0201211241370305,0.1257360792946479,3.137991726759085
2025-01-14 16:00:00,12.26051446530539,2.298834141351352,0.1261307012980432,3.0869568068316307
2025-01-14 17:00:00,11.54331013893114,1.259438225268925,0.2950412182798985,4.068448191351143
2025-01-14 18:00:00,9.805964580456784,6.058001627360288e-16,0.3109730018754371,5.222129661412161
2025-01-14 19:00:00,7.701996047190846,0.0,0.284343519683944,4.926773694843194
2025-01-14 20:00:00,8.438041577017746,0.0,0.2699236766030624,4.5607169725270165
2025-01-14 21:00:00,6.6872718288993465,0.0,0.305711794062192,4.398331233215555
2025-01-14 22:00:00,8.688938128500467,0.0,0.1524365722370271,4.110138657764885
2025-01-14 23:00:00,6.705971188606744,0.0,0.1390979159320057,3.9840318373545793
2025-01-15 00:00:00,5.718927843881737,0.0,0.0901446039927907,3.371714093280344
2025-01-15 01:00:00,6.577317397723809,0.0,0.0903025628036532,3.510645629750648
2025-01-15 02:00:00,7.978494609130625,0.0,0.1011053531747394,3.4972952072146484
2025-01-15 03:00:00,6.990266466304899,0.0,0.0937368472381699,3.7445427073797326
2025-01-15 04:00:00,7.223843045720857,0.0,0.1049406391897552,3.4468747034708263
2025-01-15 05:00:00,9.54624732100081,0.0,0.071453733370956,3.0411346851331897
2025-01-15 06:00:00,10.324623495733588,0.0,0.091431481348722,3.6666654771057576
2025-01-15 07:00:00,9.973216011321371,1.1007836790945276,0.1387394603908895,4.201599708312015
2025-01-15 08:00:00,10.75061618064302,2.225127123071445,0.147436593216275,4.318149418033643
2025-01-15 09:00:00,12.4265688886666,3.505539154047455,0.1446195224150986,3.955076006894682
2025-01-15 10:00:00,10.383123338177834,3.809676337223296,0.1579784377989576,4.048207186849901
2025-01-15 11:00:00,10.743755456372876,4.674889365992497,0.1314066322833994,3.615936846156644
2025-01-15 12:00:00,11.87950730719185,4.188540605749251,0.1504549147633075,2.9180204833487884
2025-01-15 13:00:00,12.53478039036994,4.513250267357858,0.155583364232117,2.996076173695668
2025-01-15 14:00:00,13.021611198820828,4.310214457355946,0.1685664743656195,2.8497724215228795
2025-01-15 15:00:00,14.291528308054474,2.900476427329569,0.1451823402890652,2.864992070272563
2025-01-15 16:00:00,12.743663073873533,2.004159971113596,0.1532445860435251,3.625711775980221
2025-01-15 17:00:00,10.493722979432926,1.1474956647721417,0.2819613720743763,4.255903842133001
2025-01-15 18:00:00,9.92864932721647,5.012020697927748e-16,0.2760804379568697,5.189804742205253
2025-01-15 19:00:00,7.676922456806228,0.0,0.308447743757817,4.951087476761116
2025-01-15 20:00:00,8.42940393508192,0.0,0.2999443970635193,4.855112206888655
2025-01-15 21:00:00,7.402865337130654,0.0,0.3117851268979842,4.586992473228547
2025-01-15 22:00:00,7.843175268224322,0.0,0.1362659711103025,4.119848825420224
2025-01-15 23:00:00,5.818549744874815,0.0,0.1551990213952875,4.1191591640258665
2025-01-16 00:00:00,7.869637643314158,0.0,0.1186881784054385,3.211266963296924
2025-01-16 01:00:00,9.49194876258906,0.0,0.1041970560835726,2.7398014552653627
2025-01-16 02:00:00,7.329401437913797,0.0,0.1027658150559105,3.4656381015492705
2025-01-16 03:00:00,8.57186511154117,0.0,0.1000855608082435,3.348273340293807
2025-01-16 04:00:00,9.62583385951907,0.0,0.0842911854287408,2.819531130175129
2025-01-16 05:00:00,8.712330028816083,0.0,0.1135557293571034,3.6007382769951946
2025-01-16 06:00:00,10.426756594668024,0.0,0.0938914236019493,3.500556923579503
2025-01-16 07:00:00,10.885963608432656,1.0589300376329736,0.1550448325638301,4.0445006161453
2025-01-16 08:00:00,11.737132019775649,2.0996351682334,0.1343696569342874,4.070993491260846
2025-01-16 09:00:00,11.052423539728842,3.4488921450236507,0.1382054033549221,4.319398268617355
2025-01-16 10:00:00,12.72545934469413,4.103854630030642,0.1643508739922223,3.566713981316249
2025-01-16 11:00:00,13.73539278768778,3.8769804907724823,0.1465269771104215,2.744936480910133
2025-01-16 12:00:00,15.267333283644962,4.248376260369801,0.1645327547604254,2.72182928955084
2025-01-16 13:00:00,14.427301589947415,4.070804064403179,0.1492176934094148,2.262515489750324
2025-01-16 14:00:00,15.91846776957305,3.698626774723356,0.1315810222704214,2.4966401178005837
2025-01-16 15:00:00,11.060916871179968,3.003478317060082,0.1589206759973172,3.076962114266678
2025-01-16 16:00:00,12.899098827033416,2.0312631478714227,0.1441010768224439,3.3526152376729383
2025-01-16 17:00:00,11.142088015867492,1.1540587266745308,0.3069868881351704,4.264503777720946
2025-01-16 18:00:00,13.37532227177891,5.795926901114408e-16,0.3002521086754008,4.468931633250114
2025-01-16 19:00:00,8.10171330861211,0.0,0.2845688177205713,5.455188622614514
2025-01-16 20:00:00,7.331035108681236,0.0,0.3016429476537057,5.073499905940849
2025-01-16 21:00:00,7.070208560226725,0.0,0.3219622314215279,4.713505238440478
2025-01-16 22:00:00,4.306698074134374,0.0,0.1549298645851446,4.368788086138554
2025-01-16 23:00:00,6.404207860564053,0.0,0.1494248224699453,3.831686069247099
2025-01-17 00:00:00,6.08592890363613,0.0,0.1107534340195689,3.518088935107221
2025-01-17 01:00:00,7.552441096813784,0.0,0.1021066846520311,3.237326335568762
2025-01-17 02:00:00,8.1391856482791,0.0,0.1020953423026279,2.8392111201959342
2025-01-17 03:00:00,10.917563811230863,0.0,0.0890837482784089,2.9820919223688303
2025-01-17 04:00:00,10.150263653245752,0.0,0.1023384802578959,3.2178835822748995
2025-01-17 05:00:00,8.582815277165508,0.0,0.1103544341641694,3.481006178657833
2025-01-17 06:00:00,8.87700588894414,0.0,0.0916393784789997,3.747677967187926
2025-01-17 07:00:00,11.738963788534,1.226263255522513,0.1642449582124694,4.370246644134345
2025-01-17 08:00:00,9.744278085435711,2.26072451208344,0.1490829397585487,4.588986850953078
2025-01-17 09:00:00,15.09313638830785,2.8768347494183097,0.1411223048846145,3.6268435809551343
2025-01-17 10:00:00,14.591864288401924,3.7854948474913352,0.1599763207692024,3.0919727766073795
2025-01-17 11:00:00,12.418641896676824,4.753095552255625,0.1471320576426173,2.9957018222983844
2025-01-17 12:00:00,10.65492610233036,4.584448909757427,0.157595148874861,3.3598230380743708
2025-01-17 13:00:00,15.153213936082,4.383692032263348,0.1470824136774146,2.4896995611734654
2025-01-17 14:00:00,12.650894339441066,3.69693558848946,0.1494017385647009,2.712608757922092
2025-01-17 15:00:00,14.202672707486512,3.0889598545400627,0.1549356020433429,2.964691394013135
2025-01-17 16:00:00,9.332986407775126,2.4476730445765846,0.1529089705759,3.690804507000773
2025-01-17 17:00:00,10.10202249684358,1.2077695099670958,0.2800446821954826,4.588626096452214
2025-01-17 18:00:00,10.232493445543952,5.862858198591809e-16,0.2887875625990561,5.012341319565748
2025-01-17 19:00:00,9.518641651306227,0.0,0.3092940998479081,4.924448592539473
2025-01-17 20:00:00,8.04952968874781,0.0,0.2986786341109845,4.877997246860979
2025-01-17 21:00:00,9.037582450928284,0.0,0.2947626869722857,3.892503559225166
2025-01-17 22:00:00,6.025121040539469,0.0,0.1364142598474252,3.9538086403405344
2025-01-17 23:00:00,7.113281189567531,0.0,0.1392026367872415,3.4423053382505717
2025-01-18 00:00:00,7.539607448618895,0.0,0.0797820136003805,3.282788368305064
2025-01-18 01:00:00,8.233044773271965,0.0,0.0989871928129846,3.110069122996384
2025-01-18 02:00:00,8.828510106831066,0.0,0.0940156241941895,2.848175184505149
2025-01-18 03:00:00,6.5508805197346,0.0,0.0903341210901468,3.383566929589292
2025-01-18 04:00:00,6.557992744947613,0.0,0.0993187657483204,3.677111225329055
2025-01-18 05:00:00,11.49922209859125,0.0,0.1036397063085273,3.372639925339452
2025-01-18 06:00:00,10.857635019020435,0.0,0.1209319793220994,3.386945822621497
2025-01-18 07:00:00,10.01289133152378,1.0409477672386485,0.1348811658043678,4.256546812778012
2025-01-18 08:00:00,14.185891964334832,2.1505230389171563,0.1615938104330052,3.681035927911981
2025-01-18 09:00:00,12.65399629604998,3.1838410848461765,0.1597310156101507,4.145702337638475
2025-01-18 10:00:00,14.726185988500102,3.512751525205596,0.142209072606233,3.4600900324957955
2025-01-18 11:00:00,13.358219202033416,4.33806535334774,0.1520323595458603,2.867710066074971
2025-01-18 12:00:00,16.450285888374026,4.927110628858427,0.1454236675066238,2.2506527439118043
2025-01-18 13:00:00,15.88995274358306,3.965505336442319,0.1518568858041873,2.281505106000068
2025-01-18 14:00:00,12.583793989685752,4.126126705338614,0.1650913101340455,2.380219534346603
2025-01-18 15:00:00,13.937840771042223,3.118108304644191,0.1560560623263131,2.961727014829634
2025-01-18 16:00:00,12.827227925428769,2.3275868572621685,0.1550860837323344,3.379806253103574
2025-01-18 17:00:00,13.188568472657131,1.10263036820135,0.2956969068004536,4.112106989812085
2025-01-18 18:00:00,8.911778810180891,5.093908885399457e-16,0.2851594333507566,4.68058512523746
2025-01-18 19:00:00,10.611784055741143,0.0,0.2979153178945959,4.762761728597852
2025-01-18 20:00:00,10.44680073132543,0.0,0.3120660815486391,4.4147537195500135
2025-01-18 21:00:00,5.599734427856734,0.0,0.2847283214341035,4.627813849033358
2025-01-18 22:00:00,5.986200020699068,0.0,0.139449106318233,4.018398917818012
2025-01-18 23:00:00,4.402538255543691,0.0,0.1512626773623406,4.234683181094272
2025-01-19 00:00:00,7.09007606958721,0.0,0.0901534521515273,3.170041695841111
2025-01-19 01:00:00,8.672722226080785,0.0,0.0920747655288478,3.14738970649652
2025-01-19 02:00:00,10.149645688044773,0.0,0.0957640141827182,2.8825533314701923
2025-01-19 03:00:00,8.484008148324065,0.0,0.0863438259580985,2.9539313694489047
2025-01-19 04:00:00,11.437109639610984,0.0,0.0902587815378363,2.956889683805652
2025-01-19 05:00:00,7.647576998624148,0.0,0.107034279167873,3.8490901337251056
2025-01-19 06:00:00,7.939112662221314,0.0,0.0869263021776903,3.8755506831004976
2025-01-19 07:00:00,11.18732190821668,1.173887707378252,0.1340212786550516,4.303090397817906
2025-01-19 08:00:00,12.570284494663008,2.1784429875855547,0.143699750204661,3.981632795371383
2025-01-19 09:00:00,12.56646454267255,3.078593837999008,0.1573195550250984,3.879263623401144
2025-01-19 10:00:00,9.991099382547548,4.181651811372226,0.1480307819200311,3.977607766541412
2025-01-19 11:00:00,13.258283740852068,4.626101651853518,0.1453541892188438,2.926620535237727
2025-01-19 12:00:00,11.537482070496766,4.307795831680746,0.150443587975156,3.0009132144043287
2025-01-19 13:00:00,14.396472623366307,4.746355162857953,0.1325429256714034,2.490037964768121
2025-01-19 14:00:00,13.642159901752636,4.289263624969228,0.1549470565377503,2.729647905185608
2025-01-19 15:00:00,11.205686985322656,3.059468991917763,0.1538343503140364,2.746244013323167
2025-01-19 16:00:00,11.223385945249008,2.1772124743965278,0.1459069152590427,3.2608998369515545
2025-01-19 17:00:00,9.681823173728182,1.1661439291699771,0.3100592451179642,4.462074810379354
2025-01-19 18:00:00,10.400167675344289,6.051127787269732e-16,0.2887250390104696,4.929096586140172
2025-01-19 19:00:00,11.15044266669834,0.0,0.3112790899325356,4.63984994422667
2025-01-19 20:00:00,7.515597251750733,0.0,0.3015449366559525,5.018997518272574
2025-01-19 21:00:00,9.128935750971172,0.0,0.2966344741012182,4.464111653538937
2025-01-19 22:00:00,7.100723682342069,0.0,0.1498012636463168,4.2596959979662365
2025-01-19 23:00:00,6.407099593993325,0.0,0.1489273523418905,3.3894056303768574
2025-01-20 00:00:00,7.4691093066163425,0.0,0.1122028289641771,3.087002027752217
2025-01-20 01:00:00,6.179013884051914,0.0,0.0892332087252898,3.3552836946210864
2025-01-20 02:00:00,7.20110467717409,0.0,0.092374807608534,3.453158972994245
2025-01-20 03:00:00,6.711517664105263,0.0,0.1103630289207248,3.9202093775020224
2025-01-20 04:00:00,12.076742545922762,0.0,0.0940446506481614,2.868192674320624
2025-01-20 05:00:00,9.906093039198211,0.0,0.1090053307733159,3.1768520500627013
2025-01-20 06:00:00,9.5800665845593,0.0,0.1169943598300871,4.000641706368869
2025-01-20 07:00:00,11.727081847957074,1.1932973085336178,0.1459820497305836,4.340695804810925
2025-01-20 08:00:00,11.961162772011935,2.0801827030598714,0.156813623265753,4.246274410580951
2025-01-20 09:00:00,12.419520790807988,3.3047663675579404,0.1384630771866014,3.8121639498086006
2025-01-20 10:00:00,14.148981107966634,3.61933948831904,0.157547332980678,3.5641241231851155
2025-01-20 11:00:00,14.663693890486345,4.5340071367727575,0.1519942398598676,3.0233676724251985
2025-01-20 12:00:00,12.833903125132387,4.229598160753969,0.1547303828216021,2.632611547141756
2025-01-20 13:00:00,12.663704964448364,3.977249141885229,0.143544279279646,2.837193373102761
2025-01-20 14:00:00,12.81515351217403,3.6072421824531142,0.1333891658443282,3.002468184126052
2025-01-20 15:00:00,9.298093443004449,2.829835777068636,0.155032520647495,3.6876810680178314
2025-01-20 16:00:00,9.85686825325035,2.3593698089267647,0.1293659684752054,3.777528527971119
2025-01-20 17:00:00,13.45642338302253,1.2248355205594583,0.2968264950775746,3.814313494818801
2025-01-20 18:00:00,13.097106416800106,5.52919867533491e-16,0.3094118186641997,4.643482420451917
2025-01-20 19:00:00,9.479643651906049,0.0,0.3019189773587303,4.780411066111873
2025-01-20 20:00:00,9.99449029113183,0.0,0.3194834264478981,4.85805188216527
2025-01-20 21:00:00,8.975209734803842,0.0,0.3102510915258177,4.14960959942567
2025-01-20 22:00:00,12.64989984787772,0.0,0.1434610161167442,3.668226592222138
2025-01-20 23:00:00,9.41123973483284,0.0,0.1502731337985143,3.382835164688053
2025-01-21 00:00:00,7.573653047464601,0.0,0.0995262929745556,3.505381475375596
2025-01-21 01:00:00,6.434441294917908,0.0,0.0841782323665387,3.489430832558248
2025-01-21 02:00:00,5.757783742946076,0.0,0.0905960108351564,3.24108539964201
2025-01-21 03:00:00,8.949404544926942,0.0,0.0943923909302014,3.4369024014745704
2025-01-21 04:00:00,8.131003316759296,0.0,0.0796377949714406,3.697531580467729
2025-01-21 05:00:00,7.855691734981679,0.0,0.1004749346825164,3.880752997509326
2025-01-21 06:00:00,9.79567010832196,0.0,0.0975092815534695,3.7419980950698464
2025-01-21 07:00:00,9.91966456457172,1.0502183627324346,0.1332710609868842,4.232183930037543
2025-01-21 08:00:00,14.7962418872946,2.1955164345636997,0.1540421286527733,3.9135475360322833
2025-01-21 09:00:00,14.20930941366957,2.9940339165049497,0.1571587274469096,3.637976944229783
2025-01-21 10:00:00,13.35164668406414,3.6542408901553016,0.1522703447886488,3.8066747802500513
2025-01-21 11:00:00,15.883223121887994,4.7908595759914085,0.1467593182479103,2.773180335302521
2025-01-21 12:00:00,13.88158189615718,4.616300485925724,0.1559144215175185,2.1714366540364347
2025-01-21 13:00:00,12.37138061156056,4.40160657551985,0.1568022036047669,2.8638583344936737
2025-01-21 14:00:00,15.648291761943554,3.8241734170500568,0.1530740356971968,2.393407001258472
2025-01-21 15:00:00,13.695214843772384,3.131736571666189,0.1417538774956523,2.9086631801902096
2025-01-21 16:00:00,10.709660203196066,2.27045250191904,0.1527660076551118,3.614759415882384
2025-01-21 17:00:00,11.256478552867902,1.2155254780481024,0.3119548065082548,4.311332046994558
2025-01-21 18:00:00,9.452102054608616,5.7584681658123e-16,0.2940337094138827,5.05936573520932
2025-01-21 19:00:00,7.914872702931684,0.0,0.3209793933913243,5.266826313036704
2025-01-21 20:00:00,10.654795755983216,0.0,0.2947436906601461,4.623237130771271
2025-01-21 21:00:00,11.508334051831303,0.0,0.3003240701334013,4.111372565893426
2025-01-21 22:00:00,6.069601862603724,0.0,0.1432751440399366,4.248707019318624
2025-01-21 23:00:00,8.712205810854403,0.0,0.1522327083592026,3.3578423307147305
2025-01-22 00:00:00,6.925805969411142,0.0,0.0825777830736472,3.445192207326764
2025-01-22 01:00:00,7.273304268579634,0.0,0.0945395820118328,3.382493189219829
2025-01-22 02:00:00,7.415102725382263,0.0,0.0890787879965143,3.594939415717389
2025-01-22 03:00:00,7.484463325014516,0.0,0.1013533834789229,3.578839757506308
2025-01-22 04:00:00,9.474552265011123,0.0,0.109944473755089,3.088921669873937
2025-01-22 05:00:00,8.878887513169763,0.0,0.1064600618711455,3.745571880508706
2025-01-22 06:00:00,11.30745506176364,0.0,0.076283406391411,3.5227107970451943
2025-01-22 07:00:00,11.60286979422774,1.0886581555635324,0.1704206965292788,4.230588513538473
2025-01-22 08:00:00,12.043347752794269,2.1959296865940128,0.1529527994062086,4.111486548939149
2025-01-22 09:00:00,11.661744673591128,3.461764833738182,0.14223500859507,3.8797761482303663
2025-01-22 10:00:00,12.6346890385947,3.641044793570624,0.1515712791899094,3.6102494517532246
2025-01-22 11:00:00,14.932634140699722,4.35420533115443,0.1517618982250269,2.3234722930690777
2025-01-22 12:00:00,14.653145604530454,4.419271661166022,0.1433315128304843,2.269323503572068
2025-01-22 13:00:00,12.333214434763262,3.8812097844790663,0.1519791666734207,2.7650687364032485
2025-01-22 14:00:00,13.648844492591037,4.1506502805480405,0.1439252771237969,2.7194605062712047
2025-01-22 15:00:00,14.150170851711207,2.877249953314415,0.1459563800730997,2.795190016429603
2025-01-22 16:00:00,9.897661901411825,2.2371275104884765,0.1431372086424491,3.470035825510114
2025-01-22 17:00:00,12.493267246971348,1.1803904013158928,0.2856732871026035,3.837929751953105
2025-01-22 18:00:00,9.907834184675112,5.66818764518198e-16,0.3014583647021538,4.858982189338142
2025-01-22 19:00:00,10.981210690676058,0.0,0.3058529943651634,4.958611476181321
2025-01-22 20:00:00,8.256881088280107,0.0,0.3051488359607637,4.975604504804088
2025-01-22 21:00:00,6.073126328537462,0.0,0.3081992525263523,5.003231689857919
2025-01-22 22:00:00,5.862379954915823,0.0,0.1532434021001486,4.349133129617493
2025-01-22 23:00:00,8.07611976421875,0.0,0.1446727450178309,3.445167533492333
2025-01-23 00:00:00,8.4279193933874,0.0,0.1083966386443119,3.0930524560530426
2025-01-23 01:00:00,6.7840832242813605,0.0,0.0864248246015806,3.0686180183219576
2025-01-23 02:00:00,9.398148117617923,0.0,0.0909932861748752,3.027257922615491
2025-01-23 03:00:00,6.424735203842094,0.0,0.0903579992857675,3.677357299833572
2025-01-23 04:00:00,9.439215942834204,0.0,0.1108005605913931,3.367355028995388
2025-01-23 05:00:00,8.445354205853931,0.0,0.1094278851414007,3.913938067668637
2025-01-23 06:00:00,10.06058147910194,0.0,0.1048730523704499,3.801949254823694
2025-01-23 07:00:00,11.88589078308736,1.082754514514729,0.1607192986521179,4.32665953359
2025-01-23 08:00:00,11.24771559287925,2.427487009780737,0.1412071721758801,4.271624402591379
2025-01-23 09:00:00,12.582822668020084,3.452491198415081,0.1534859511986098,4.268214450087987
2025-01-23 10:00:00,15.145851065980157,3.8679377099876686,0.1487482557161683,3.2485295904390643
2025-01-23 11:00:00,13.07077531538766,3.936823626807837,0.1584688210388491,3.2232550524982084
2025-01-23 12:00:00,15.29187380890289,4.387826089916931,0.148847757674478,2.837893706790392
2025-01-23 13:00:00,12.241552837685957,4.639861082827072,0.1461505711158991,2.7728809790911404
2025-01-23 14:00:00,14.431118119031416,4.245060832331823,0.1554090851856099,2.6527771152802253
2025-01-23 15:00:00,15.322008915351672,2.9723040807528647,0.1587616916719123,2.986205887865645
2025-01-23 16:00:00,8.830868890614244,2.033486806012636,0.143316548051532,3.88733761376333
2025-01-23 17:00:00,10.619449892907026,1.2623511869101895,0.2993892432864762,3.962187746367293
2025-01-23 18:00:00,11.903943831575988,5.375470708682064e-16,0.2894155936635834,4.96980857717954
2025-01-23 19:00:00,9.957310426433123,0.0,0.2750193898250705,4.871170260897372
2025-01-23 20:00:00,10.095054450862143,0.0,0.3020045963141373,4.79001953500094
2025-01-23 21:00:00,8.011037517171806,0.0,0.3060890535625463,4.7705169249046255
2025-01-23 22:00:00,8.57014411066121,0.0,0.1526206680908672,3.823023245489959
2025-01-23 23:00:00,7.907042308849854,0.0,0.1305043828224563,3.4133743762838176
2025-01-24 00:00:00,9.926859512910232,0.0,0.0964915056992352,3.020027511747593
2025-01-24 01:00:00,8.659040206505136,0.0,0.0778165223994891,2.765581132314197
2025-01-24 02:00:00,9.083514202180009,0.0,0.1136970110765418,3.0290605751727404
2025-01-24 03:00:00,8.436050627677176,0.0,0.0891394541788191,3.262587057992175
2025-01-24 04:00:00,8.943777084311781,0.0,0.1125540360945989,3.235759295710852
2025-01-24 05:00:00,9.749892003383527,0.0,0.1094586964368414,3.1683014781441114
2025-01-24 06:00:00,11.766864633987966,0.0,0.0909940964746394,3.976607916237972
2025-01-24 07:00:00,11.32016683449769,1.1259975703828529,0.1386721504873225,4.146034079307745
2025-01-24 08:00:00,13.109848705765142,2.1862666368797754,0.1535037021638634,4.373059697887014
2025-01-24 09:00:00,16.409607961948325,2.8770150322250703,0.1415567596281692,3.4626759482665306
2025-01-24 10:00:00,15.079949686921376,3.784162260424636,0.151024846421582,3.08480670907639
2025-01-24 11:00:00,13.583928601035964,4.312123280930599,0.1451717240919308,3.074066567510589
2025-01-24 12:00:00,15.977007303666438,4.722737752238805,0.1321884158553436,2.417497789291151
2025-01-24 13:00:00,13.4608508397554,4.498055275334387,0.1276953198087554,2.429698452960777
2025-01-24 14:00:00,10.716075829007057,4.077910677896126,0.1522668424849459,3.3488612443318133
2025-01-24 15:00:00,11.78437729760406,2.834341140917003,0.1443844225366937,3.028494952375299
2025-01-24 16:00:00,9.868998538881735,2.108833699790268,0.1444691018308586,3.42130941179813
2025-01-24 17:00:00,11.42437332966612,1.206532676093076,0.3069586383909378,4.3954086012489
2025-01-24 18:00:00,11.202813989204849,5.49130322715209e-16,0.3117344227663244,4.52448314418457
2025-01-24 19:00:00,12.913385253525885,0.0,0.2972745527863819,4.488829395990544
2025-01-24 20:00:00,10.165577481066768,0.0,0.2965940129309014,4.396728043782881
2025-01-24 21:00:00,8.725215283647584,0.0,0.3050014303311388,4.801802556356704
2025-01-24 22:00:00,9.82121858084244,0.0,0.1364306443030042,3.536696972372514
2025-01-24 23:00:00,4.960705978041489,0.0,0.1522315305474769,3.980198214766377
2025-01-25 00:00:00,8.665703447263276,0.0,0.1055188597182215,3.3031428447783493
2025-01-25 01:00:00,9.570801922063673,0.0,0.1068023020841762,3.09912839263027
2025-01-25 02:00:00,6.496326030077349,0.0,0.0806324729749753,3.385173508800205
2025-01-25 03:00:00,10.90659233135118,0.0,0.0923864473019106,2.5767811490307304
2025-01-25 04:00:00,10.320026221342047,0.0,0.0912173674717653,2.962654811478796
2025-01-25 05:00:00,9.912892603941662,0.0,0.1009988695440921,3.4949916623227897
2025-01-25 06:00:00,12.261454409259857,0.0,0.1048074457976798,3.440986737967144
2025-01-25 07:00:00,15.494778032114583,1.2089845167836346,0.1649671040744598,3.665044996803635
2025-01-25 08:00:00,13.08508099268817,2.310236892525985,0.1450503451963192,4.226150081666931
2025-01-25 09:00:00,13.805932833110573,3.3532793867719928,0.1450242750169078,4.01962479092317
2025-01-25 10:00:00,13.221316472143377,3.611222881998149,0.1614967201887874,3.238609219625366
2025-01-25 11:00:00,12.935292534770443,4.052034886225837,0.152965769385303,3.53739592240721
2025-01-25 12:00:00,15.557785334916796,4.890409517219329,0.1626765151118797,2.6644577197175785
2025-01-25 13:00:00,12.925933350104332,4.588126229824546,0.1528872800300983,2.729098012583364
2025-01-25 14:00:00,14.017707177282832,4.250650558792983,0.1384288338128672,2.876615947396549
2025-01-25 15:00:00,12.717115783512394,3.364919873331328,0.1366687164522219,3.514101933045093
2025-01-25 16:00:00,13.530751348720017,2.2985776529951507,0.1344848775094107,3.0622083313652766
2025-01-25 17:00:00,12.589231903338414,1.204578190777937,0.3066205183475847,3.944939833118488
2025-01-25 18:00:00,12.868591526487275,5.987454862675078e-16,0.31188596823087,3.9497631108985383
2025-01-25 19:00:00,9.770799876510743,0.0,0.3184936214138638,5.026034726285092
2025-01-25 20:00:00,9.407469207160371,0.0,0.3084310533232324,4.913857402442672
2025-01-25 21:00:00,7.722815692867325,0.0,0.3116283857753498,4.566069786842386
2025-01-25 22:00:00,8.047765508632944,0.0,0.1441998366734631,3.876500744279929
2025-01-25 23:00:00,8.9804548708005,0.0,0.1384358418325614,3.076235548256501
2025-01-26 00:00:00,9.585063510549467,0.0,0.1085007933241755,3.085002309358272
2025-01-26 01:00:00,7.168555120447797,0.0,0.104176807522394,3.594141519006621
2025-01-26 02:00:00,10.155913254386617,0.0,0.1010744437434089,2.8397502131348453
2025-01-26 03:00:00,11.361717030229226,0.0,0.1038737148063299,2.9505113426274767
2025-01-26 04:00:00,10.569732940416992,0.0,0.103231854824582,2.7810061096592493
2025-01-26 05:00:00,13.488317169110976,0.0,0.1128381685985356,3.11982325963247
2025-01-26 06:00:00,10.28889678692608,0.0,0.1129498558481695,3.756452007095664
2025-01-26 07:00:00,10.359055665921876,1.1665128739890196,0.1554422035234034,4.088176198626424
2025-01-26 08:00:00,10.281500212225025,2.093960190407661,0.1584580287256292,4.274158365316255
2025-01-26 09:00:00,15.814967396374858,2.882854314124656,0.1551406255242477,3.507317749764833
2025-01-26 10:00:00,15.029205281465844,4.066990521827844,0.1453883026796538,3.343385097207714
2025-01-26 11:00:00,14.263981058082964,4.233458517996926,0.1575656467491314,2.676191448374813
2025-01-26 12:00:00,14.86953352506117,4.82183094658536,0.1360550493114073,2.514129001675857
2025-01-26 13:00:00,12.65912449350108,4.500741789302148,0.1605389155229588,2.7531635505097376
2025-01-26 14:00:00,17.716284766359998,4.153666938852751,0.1380547706023396,1.9950714751855891
2025-01-26 15:00:00,13.764732702103924,3.0207220133358,0.1528580328679473,3.274639388749118
2025-01-26 16:00:00,13.11367277748878,2.3461794612305287,0.1415484604157384,3.22930268411213
2025-01-26 17:00:00,13.31468765673704,1.103620451136389,0.3055338898307442,3.769050288482225
2025-01-26 18:00:00,12.17109443318651,6.048614404128385e-16,0.2996607477407209,4.313487504104796
2025-01-26 19:00:00,11.008949486692574,0.0,0.2840524404183666,5.19862248396129
2025-01-26 20:00:00,8.763868902413472,0.0,0.3042069963101848,5.028591636347168
2025-01-26 21:00:00,10.035462777725792,0.0,0.2942207922316728,4.109066158499193
2025-01-26 22:00:00,11.674541118940674,0.0,0.1588114672081337,3.793440697014657
2025-01-26 23:00:00,10.5699331759467,0.0,0.150013256887344,3.3355407937343977
2025-01-27 00:00:00,10.976822602173064,0.0,0.1039542098538803,2.8947351659033864
2025-01-27 01:00:00,7.922441668699987,0.0,0.0904243104498478,3.1436927946828024
2025-01-27 02:00:00,7.504559220472782,0.0,0.0941066776857263,3.126233190959797
2025-01-27 03:00:00,9.277041938504851,0.0,0.0954136136389891,3.180213587640693
2025-01-27 04:00:00,10.170630030647011,0.0,0.1085670248024255,3.033509875516539
2025-01-27 05:00:00,12.451872804612831,0.0,0.1167737708780549,3.516105096548765
2025-01-27 06:00:00,9.04834571764174,0.0,0.0919482824825712,3.730136373910096
2025-01-27 07:00:00,14.657825276712453,1.0838623141956998,0.1607684814465768,4.032038790023127
2025-01-27 08:00:00,12.850030814345486,2.044192473492259,0.1283032258227429,4.095743651545465
2025-01-27 09:00:00,13.068041400852485,3.322658581072014,0.1380581059890771,3.975488332438341
2025-01-27 10:00:00,12.666962310677034,3.78309965969688,0.1404122154381322,3.716999143889751
2025-01-27 11:00:00,12.00253513328252,4.281317691137887,0.1364749131055927,3.0839477405890827
2025-01-27 12:00:00,15.82179853815684,4.031149092793392,0.1341641161021242,2.6521299433576737
2025-01-27 13:00:00,14.59479709186378,4.114434901407457,0.1541299891213779,1.9876684232298076
2025-01-27 14:00:00,12.250177523955704,3.493266236401145,0.1478593230227213,2.726814282536089
2025-01-27 15:00:00,11.765744847678189,3.4501053464752665,0.1537940539760511,2.970372329476989
2025-01-27 16:00:00,12.583365613278778,2.1216983416092647,0.1569047268612151,3.212937437355247
2025-01-27 17:00:00,14.86703208545562,1.1795256544391115,0.3026561699317253,3.6736653721469033
2025-01-27 18:00:00,11.197655635168562,4.946323096870005e-16,0.3065776317615037,4.7031117434677885
2025-01-27 19:00:00,8.555871097229247,0.0,0.2993046771375773,5.273827872969127
2025-01-27 20:00:00,9.718428066085057,0.0,0.2881300661169425,4.851638842426763
2025-01-27 21:00:00,9.05663696403282,0.0,0.310578141808208,4.280704964412369
2025-01-27 22:00:00,4.943636486448296,0.0,0.1441088786721887,4.453706228706783
2025-01-27 23:00:00,8.607822883570046,0.0,0.1406440370123757,3.5557114289319904
2025-01-28 00:00:00,8.378225311705016,0.0,0.098220821241956,3.3423273901244555
2025-01-28 01:00:00,9.871159175370956,0.0,0.0908718908070348,3.13412947621908
2025-01-28 02:00:00,11.899985038082736,0.0,0.0958256961801056,2.7547605730221227
2025-01-28 03:00:00,11.293154307780028,0.0,0.1034405392156346,2.6912762822845004
2025-01-28 04:00:00,9.821294071185788,0.0,0.1034834173924612,3.053857605484588
2025-01-28 05:00:00,9.288381108597966,0.0,0.0910216993357437,3.4224151022279217
2025-01-28 06:00:00,15.584666811892824,0.0,0.0951229462705125,3.136582796865336
2025-01-28 07:00:00,12.58991189334733,1.059842750181369,0.1607433300477024,4.026567126973903
2025-01-28 08:00:00,13.245521044887452,2.499446306016645,0.1549640011773394,4.213583471665601
2025-01-28 09:00:00,13.80975981991267,3.059395953016936,0.1707506503934854,3.816441236743822
2025-01-28 10:00:00,14.619830459523133,4.112047889674877,0.1618012817374152,3.3192483702824265
2025-01-28 11:00:00,14.405863967999323,4.642881913039716,0.1614429306855994,2.9502594004239544
2025-01-28 12:00:00,13.86413409669768,4.858023271007229,0.136121314495442,2.6110189367665777
2025-01-28 13:00:00,13.80211617402465,4.827338242653808,0.1576386035163342,2.439220452918147
2025-01-28 14:00:00,14.273573413047352,3.673243706294857,0.1494689319830308,2.2769171030273365
2025-01-28 15:00:00,13.030810293877028,2.856959468045168,0.1444901819646175,2.864347165785968
2025-01-28 16:00:00,12.155358433002288,2.2055957589972928,0.1516801534053252,3.609628592116335
2025-01-28 17:00:00,12.66072958386344,1.0689435351615084,0.3094521153461148,3.840830352345842
2025-01-28 18:00:00,11.342161280886751,4.926050989969757e-16,0.3050083159100421,4.561059664860079
2025-01-28 19:00:00,13.204159454584502,0.0,0.2912152619865794,4.668787527869099
2025-01-28 20:00:00,6.248172394428515,0.0,0.3074245891359262,5.32403207087
2025-01-28 21:00:00,11.240567041342084,0.0,0.2936241245792403,3.935865477680759
2025-01-28 22:00:00,10.99567868441116,0.0,0.1521668311896428,3.853069748676933
2025-01-28 23:00:00,5.716764279538604,0.0,0.1469664993252286,4.103251340316691
2025-01-29 00:00:00,8.348261759632798,0.0,0.0978113374826437,2.9327418113422064
2025-01-29 01:00:00,8.40735437289243,0.0,0.1076624297504051,2.989631338001969
2025-01-29 02:00:00,7.152949397323274,0.0,0.089598062801841,3.556527703758371
2025-01-29 03:00:00,8.574247775807365,0.0,0.1194519507427693,3.167624963102411
2025-01-29 04:00:00,8.696429382554578,0.0,0.081789139307055,2.875475809796379
2025-01-29 05:00:00,13.714241680581194,0.0,0.0940233231674514,2.721333404571004
2025-01-29 06:00:00,13.265810740474514,0.0,0.1037021188994174,3.428024867184288
2025-01-29 07:00:00,14.54608292855212,1.1956213599194725,0.1558431416643531,3.5056079871744568
2025-01-29 08:00:00,14.444801246818177,2.28169767535632,0.1489952427942829,3.843950215281014
2025-01-29 09:00:00,12.29003583748712,3.270095953792356,0.1494260929699845,4.01551109597468
2025-01-29 10:00:00,13.673588962686978,4.212722766801623,0.1541055008532761,3.722023313129617
2025-01-29 11:00:00,15.494132471462404,4.430640435233405,0.1476893052254232,2.7329151357628265
2025-01-29 12:00:00,13.029101437415404,4.580950379888179,0.163931812579349,3.028912278421471
2025-01-29 13:00:00,15.82956827487911,4.820625888532381,0.158393491142316,2.6667566847515576
2025-01-29 14:00:00,14.099881264869436,4.119449163629177,0.1587282435100563,2.935709674141244
2025-01-29 15:00:00,13.421382282988567,3.141176073857492,0.1403384327662958,3.013459317385071
2025-01-29 16:00:00,14.428733103058558,2.3536985000164634,0.1492061157559429,2.84953671148823
2025-01-29 17:00:00,13.305145253289943,1.1360164394181564,0.2969953405127929,3.996247732703348
2025-01-29 18:00:00,11.320843902024702,5.178878799123201e-16,0.2899439862431053,4.820859135371421
2025-01-29 19:00:00,12.82483072049213,0.0,0.3036016418394576,4.604807297390637
2025-01-29 20:00:00,8.740698159353478,0.0,0.2946235424222018,5.26970785380952
2025-01-29 21:00:00,10.664876217610075,0.0,0.3065540382985023,4.392821659255299
2025-01-29 22:00:00,10.153868826352582,0.0,0.1392980843710566,3.868329735783791
2025-01-29 23:00:00,8.500196012915131,0.0,0.1671904061284182,3.761045656681578
2025-01-30 00:00:00,9.489199533363175,0.0,0.0910366734140794,3.088473220190449
2025-01-30 01:00:00,7.225552156554841,0.0,0.1021930233720043,2.79765287801164
2025-01-30 02:00:00,10.787964317457035,0.0,0.1079185931038806,2.782279986419008
2025-01-30 03:00:00,9.601326451775874,0.0,0.0942935956979988,3.3131798316868206
2025-01-30 04:00:00,9.71591546922144,0.0,0.1085246864343295,3.035574800867066
2025-01-30 05:00:00,12.79705670344777,0.0,0.0877081640219958,3.066637401726164
2025-01-30 06:00:00,10.94348446418586,0.0,0.1145211769918256,3.547610682592808
2025-01-30 07:00:00,10.663765190762224,1.0490836580488816,0.1501414926496575,4.560879164806519
2025-01-30 08:00:00,11.165056239714144,2.22738217127633,0.1440358859203112,4.656502861744389
2025-01-30 09:00:00,15.0303352705781,3.305573094860561,0.1470081822757256,3.5034221422389
2025-01-30 10:00:00,12.677432182608891,4.050861204628094,0.1580891926939271,3.578570806009858
2025-01-30 11:00:00,17.529968751843754,4.224112078663055,0.1441554470814956,2.4106067558098125
2025-01-30 12:00:00,11.877105888174416,4.941691986658031,0.1425064231057722,3.075632312222113
2025-01-30 13:00:00,17.442462031302263,4.025357784804872,0.1477846340241626,2.2893940170218907
2025-01-30 14:00:00,14.914602412157244,3.897425606583945,0.1382303788723003,2.713422316918945
2025-01-30 15:00:00,13.976250675754054,3.316955869578405,0.1682054390794181,2.9563078811176764
2025-01-30 16:00:00,12.682621369786576,2.3485679029459043,0.1443360540878527,4.038809190326357
2025-01-30 17:00:00,13.37516130683567,1.2031562958172843,0.308316167861804,3.69009608019494
2025-01-30 18:00:00,11.943547946362727,5.235718026036227e-16,0.3020947008364777,4.194334001600847
2025-01-30 19:00:00,12.87849568771722,0.0,0.2901546594951803,4.535962882270417
2025-01-30 20:00:00,10.67134147299306,0.0,0.2999404529078727,4.375516229045667
2025-01-30 21:00:00,10.104132298633177,0.0,0.3078400277931075,3.989651763237837
2025-01-30 22:00:00,8.8565054703259,0.0,0.1481173866491369,3.710095732236843
2025-01-30 23:00:00,9.016804085551192,0.0,0.1619311294585102,3.297338764637757
2025-01-31 00:00:00,9.599409502584766,0.0,0.1102151539278186,2.8176504332416705
2025-01-31 01:00:00,6.674676781394535,0.0,0.1091891485465832,3.4659638129990293
2025-01-31 02:00:00,7.517352504734792,0.0,0.09540343227727,3.173343382022684
2025-01-31 03:00:00,11.131282646721107,0.0,0.0892015755221851,2.8542485678693263
2025-01-31 04:00:00,10.89400500643859,0.0,0.093864123946372,3.2345688793208547
2025-01-31 05:00:00,11.0852747094101,0.0,0.1019624094066672,3.163481237101787
2025-01-31 06:00:00,12.165357748844768,0.0,0.1054578671353235,3.557043971473409
2025-01-31 07:00:00,13.435536542596743,1.216356225735619,0.1282842859523955,3.944634080764605
2025-01-31 08:00:00,12.828067328782636,2.419077487494321,0.1499188679838825,3.7323294794485222
2025-01-31 09:00:00,13.091570104702852,3.396100180771306,0.1515808922532318,3.4358666393819592
2025-01-31 10:00:00,15.029550943246516,4.296282873386392,0.1472245574368444,3.3360804204150707
2025-01-31 11:00:00,13.567925161691337,4.381376839033803,0.1629127383901588,3.120553652294292
2025-01-31 12:00:00,15.750085982818383,4.488495632659905,0.1542178007425087,2.900729800029044
2025-01-31 13:00:00,12.481608921757122,4.251896530785727,0.1631019190808089,2.814378749892204
2025-01-31 14:00:00,16.27951651658846,3.597201962574959,0.1478403947964976,2.551239453516165
2025-01-31 15:00:00,14.967923416425888,3.233321582073533,0.1593747749250692,2.731828933978284
2025-01-31 16:00:00,14.021751450717492,2.138506262162989,0.1663506639452752,3.3504777836539703
2025-01-31 17:00:00,14.388200460472513,1.2737281109668257,0.3131169344927266,4.107567503110574
2025-01-31 18:00:00,14.635918515940542,5.612789948339533e-16,0.2890785840657127,3.788571640513685
2025-01-31 19:00:00,12.882804811466311,0.0,0.2974632392245762,4.696787079075154
2025-01-31 20:00:00,7.876395502249212,0.0,0.296548352945502,5.451624744662456
2025-01-31 21:00:00,8.097021055583484,0.0,0.3048925453507632,4.585404410246866
2025-01-31 22:00:00,8.602402771349844,0.0,0.1568635355501453,4.270965579600133
2025-01-31 23:00:00,9.279065945695724,0.0,0.1416110732597426,3.3244626926008505
2025-02-01 00:00:00,10.05186142368565,0.0,0.1006783851391693,2.9478703242668334
2025-02-01 01:00:00,8.288979694384564,0.0,0.0798007266784386,3.1753086138288613
2025-02-01 02:00:00,9.957446828344269,0.0,0.1144194500580189,2.538251659534859
2025-02-01 03:00:00,9.02097815089234,0.0,0.094876257593233,2.909752456773234
2025-02-01 04:00:00,9.858096188494043,0.0,0.1005586393984449,2.960656366697216
2025-02-01 05:00:00,9.38892411240207,0.0,0.0969035028601194,3.6847210293055417
2025-02-01 06:00:00,10.89052302381561,0.0,0.1114602757501341,3.9373639393546633
2025-02-01 07:00:00,11.02430311986503,1.26461403720946,0.1216249355860262,4.225637382815135
2025-02-01 08:00:00,12.311563013515968,2.0983267924764792,0.1498338965767409,4.347444136775708
2025-02-01 09:00:00,15.977155931453368,3.3498661106184886,0.148941812425023,3.5337475594176597
2025-02-01 10:00:00,13.449350771087367,3.712234823189501,0.1454636361240831,3.696867309222532
2025-02-01 11:00:00,19.12172346910526,4.638994312078693,0.1672622654563563,2.492059504110287
2025-02-01 12:00:00,16.0153497443033,4.9972378999036025,0.1411267054114423,2.467626931165723
2025-02-01 13:00:00,15.450404557391485,3.892706199164227,0.1577179617723566,2.3733857717902365
2025-02-01 14:00:00,13.585912434063465,4.24124325140172,0.1535625278870608,2.847414095494831
2025-02-01 15:00:00,15.447158055655096,3.2686933972276,0.1626151925253551,2.6291755426653918
2025-02-01 16:00:00,12.911916153625306,2.4866913095824104,0.1433281091522249,3.619498850427629
2025-02-01 17:00:00,13.234844750257572,1.1556294996998582,0.2926703110087624,3.686088991843258
2025-02-01 18:00:00,16.115499700385158,5.936338113399747e-16,0.3109606990747739,3.816037211059819
2025-02-01 19:00:00,11.35482590808743,0.0,0.3042532130833011,4.934906646991585
2025-02-01 20:00:00,12.49928288241048,0.0,0.2845506265332324,4.452052070111029
2025-02-01 21:00:00,9.099287911733494,0.0,0.2946069498553673,4.317947260436371
2025-02-01 22:00:00,9.624813945883208,0.0,0.1538638265384806,3.996173192504652
2025-02-01 23:00:00,12.033796367568026,0.0,0.1583776422154658,2.998285189064846
2025-02-02 00:00:00,8.47250675110438,0.0,0.0932076934680704,3.103762132949255
2025-02-02 01:00:00,12.23385269591422,0.0,0.0708574401018306,2.9750645031818173
2025-02-02 02:00:00,10.876509029615928,0.0,0.1052322318573703,3.1793108804161445
2025-02-02 03:00:00,9.447936830384986,0.0,0.0877967931005602,3.406632622858222
2025-02-02 04:00:00,11.861568946369312,0.0,0.0798266120187758,2.883189496242199
2025-02-02 05:00:00,13.095331876918564,0.0,0.0716767407501585,3.321679462953951
2025-02-02 06:00:00,13.345672281111826,0.0,0.1081398086019774,3.278524841788571
2025-02-02 07:00:00,10.834077393257909,1.156690060824124,0.1512861745040496,4.002276606522271
2025-02-02 08:00:00,12.822251574048728,2.134281083726821,0.1477434361928774,3.651249759615763
2025-02-02 09:00:00,14.162999728018418,2.8998294288284088,0.1638902436296276,4.118849826753914
2025-02-02 10:00:00,14.899383405489278,3.6091531532007743,0.1563732468302307,3.109681089371179
2025-02-02 11:00:00,16.241742962979252,4.005960575572515,0.1661630004272191,2.67598614407695
2025-02-02 12:00:00,15.679508839185912,4.973076797912299,0.13607264527833,2.314290161908801
2025-02-02 13:00:00,13.307718278588084,4.597123547296598,0.1496544937604603,2.8226597015651547
2025-02-02 14:00:00,15.581330325648292,4.302207628864847,0.1338328662505198,2.3959471208338976
2025-02-02 15:00:00,15.45015629927141,3.139370604718204,0.1477061766814453,2.4520921386674264
2025-02-02 16:00:00,14.75264300968259,2.139184240831328,0.1475138414623332,3.2916578650983537
2025-02-02 17:00:00,14.810585561425526,1.2418896634236043,0.3062661363726306,3.436683917684259
2025-02-02 18:00:00,13.663840569609388,5.298133013027788e-16,0.3004556388114189,4.1625384126354525
2025-02-02 19:00:00,12.325270321321122,0.0,0.3062340713827991,4.259590143453025
2025-02-02 20:00:00,10.807708770598062,0.0,0.3070344013313889,4.3879581840056
2025-02-02 21:00:00,7.8001955939524015,0.0,0.3215492867738314,4.600322455744824
2025-02-02 22:00:00,10.459308455131591,0.0,0.1468470334471387,3.325115097279168
2025-02-02 23:00:00,9.826711389663492,0.0,0.1405897729933362,3.088358524306264
2025-02-03 00:00:00,9.95778767021162,0.0,0.102460836153164,2.965094890289898
2025-02-03 01:00:00,7.73751907182089,0.0,0.0919771997286045,3.1260575688401744
2025-02-03 02:00:00,8.33075839245285,0.0,0.1148196076843653,3.575379814905445
2025-02-03 03:00:00,12.008828350858272,0.0,0.0971678196105476,3.151625307552237
2025-02-03 04:00:00,10.991086683633576,0.0,0.0943442363212601,2.8704880306070386
2025-02-03 05:00:00,12.796213325169932,0.0,0.0952868427884888,3.2228606318475888
2025-02-03 06:00:00,12.59289697861425,0.0,0.1071841742347164,3.7085049550179057
2025-02-03 07:00:00,13.37151075896974,1.07537380150244,0.1484225301676851,3.7596694059763824
2025-02-03 08:00:00,15.457845123382556,2.0413684178090947,0.1435833317986961,3.505961396920936
2025-02-03 09:00:00,13.89767266565214,3.1710472268098,0.1666535191762353,3.81365574399655
2025-02-03 10:00:00,15.29267679118335,3.7260045945050417,0.1414383015933825,3.200712717940284
2025-02-03 11:00:00,14.7547839602282,4.407913995158513,0.1503556607403299,2.7925748409623647
2025-02-03 12:00:00,14.898675073270086,4.803804890483475,0.1565230615161023,2.678518455837254
2025-02-03 13:00:00,14.984438708082806,3.996178571899508,0.1336866488958292,2.33227427895864
2025-02-03 14:00:00,15.481696283222444,3.9670017743161337,0.1548026050140592,2.252630428552639
2025-02-03 15:00:00,13.953616825482984,3.1858757971670686,0.1394489232451955,2.914456847678593
2025-02-03 16:00:00,15.93405360277884,2.0720393930065995,0.15822782780834,3.138750099603367
2025-02-03 17:00:00,11.984965596396869,1.1967788725801147,0.2903734898808102,3.827175329669733
2025-02-03 18:00:00,12.27011194817652,5.233700058439951e-16,0.3069276903184886,4.682885114468711
2025-02-03 19:00:00,11.114365691699737,0.0,0.3110583306629471,4.472180294377592
2025-02-03 20:00:00,13.22088624094916,0.0,0.308614365256328,4.267545818259861
2025-02-03 21:00:00,10.72393123562628,0.0,0.302513166482381,4.162166637560341
2025-02-03 22:00:00,11.500110012268197,0.0,0.147686990570703,3.465881375512975
2025-02-03 23:00:00,7.424301375995896,0.0,0.1442358042366515,3.55986477616048
2025-02-04 00:00:00,10.08829378870346,0.0,0.114710346908171,3.324122835759062
2025-02-04 01:00:00,11.124387104467525,0.0,0.0930050477983235,2.6581779663334086
2025-02-04 02:00:00,10.213068162459392,0.0,0.0896293392643,3.4393396598071813
2025-02-04 03:00:00,12.164618608937957,0.0,0.1066536893503283,2.8535765233240107
2025-02-04 04:00:00,10.411785714749014,0.0,0.092038631968135,3.1319996668858154
2025-02-04 05:00:00,14.02528241487038,0.0,0.0904993650253387,3.0591928880803723
2025-02-04 06:00:00,16.13606557532845,0.0,0.0855639573783023,3.639453761886702
2025-02-04 07:00:00,12.919917684547649,1.2584307307368492,0.1451709016053948,3.734637745725625
2025-02-04 08:00:00,13.519464607798415,2.156937748361235,0.149172849761035,3.813591782303396
2025-02-04 09:00:00,16.989115449135767,3.208866628141338,0.152430917276607,3.294169060525742
2025-02-04 10:00:00,17.655152819848958,4.191656552990631,0.1595130624429948,2.958213358856145
2025-02-04 11:00:00,14.801205828036874,4.8194397064063486,0.1552689792366579,2.529002891256933
2025-02-04 12:00:00,15.057438164255789,4.889519311043763,0.1480912778044682,2.575471359149794
2025-02-04 13:00:00,15.162818955476016,4.222513127746063,0.1480180432362028,2.7997239973553087
2025-02-04 14:00:00,13.269118834701471,3.63312077701724,0.1551015746891518,2.7788207100159394
2025-02-04 15:00:00,13.431060813732916,3.174479906608481,0.1627257016292856,2.89680988322358
2025-02-04 16:00:00,12.68150723977147,2.370820725918021,0.1512631419948319,3.3282295549137504
2025-02-04 17:00:00,12.312479177550944,1.1627624369494889,0.2953086914578959,4.202905029621568
2025-02-04 18:00:00,12.6356910588194,5.490313094255753e-16,0.2900713399891445,4.288230944345739
2025-02-04 19:00:00,12.26258335339679,0.0,0.2855479473558777,5.057769586649011
2025-02-04 20:00:00,13.513469129120688,0.0,0.3066626967204352,4.734730512965277
2025-02-04 21:00:00,9.068866985231743,0.0,0.3057797852363955,4.463726214579565
2025-02-04 22:00:00,11.566125776261131,0.0,0.1557736352510666,3.582901208748879
2025-02-04 23:00:00,9.468957644694104,0.0,0.1487134055364794,3.633650080275245
2025-02-05 00:00:00,9.750618015100828,0.0,0.1140693474589175,3.20938873257522
2025-02-05 01:00:00,10.93926533896218,0.0,0.0951588150541518,2.689371049789947
2025-02-05 02:00:00,8.542654335882714,0.0,0.109552692372072,3.04623394787466
2025-02-05 03:00:00,11.277107855295911,0.0,0.0996125710501045,2.6081829708781865
2025-02-05 04:00:00,11.574491891899063,0.0,0.0939164923532066,3.0558768858322223
2025-02-05 05:00:00,12.78703334028414,0.0,0.1059253030731776,3.245860283044566
2025-02-05 06:00:00,13.258566545441203,0.0,0.1040963611868399,3.2087829680505267
2025-02-05 07:00:00,17.28422092475338,1.1852137974856018,0.1535697275926692,3.318600176723994
2025-02-05 08:00:00,13.368203603202504,2.244812231025122,0.150812784220562,3.786375903125913
2025-02-05 09:00:00,14.149638490636397,3.284330862152665,0.1496210691828317,3.6061195728112834
2025-02-05 10:00:00,14.488179001295649,3.663137398147092,0.1738837199287043,3.44202499973489
2025-02-05 11:00:00,14.8893753797063,4.39753406281732,0.1618425664519617,2.7168803566834603
2025-02-05 12:00:00,14.868732888619702,4.3721732552468975,0.1572282689498551,2.533482953155944
2025-02-05 13:00:00,17.50611585510801,4.502824799642021,0.1511179915820338,1.854356597127272
2025-02-05 14:00:00,17.553646162917577,3.5864047913113564,0.1600715720059667,2.2717939944499848
2025-02-05 15:00:00,14.090014482514908,3.2320984174196434,0.1551799477639145,2.867417870795866
2025-02-05 16:00:00,13.076280219923134,2.0926351776916614,0.1502620475277403,3.258697037025644
2025-02-05 17:00:00,14.308394049466648,1.1073943119299594,0.2969643567473408,3.745890044544876
2025-02-05 18:00:00,11.99647901315802,5.166429453497846e-16,0.2991908266233731,4.566161920573403
2025-02-05 19:00:00,12.997754170905182,0.0,0.2682957426412194,4.437296274646285
2025-02-05 20:00:00,11.62919811085643,0.0,0.3021060083929764,4.27891857681376
2025-02-05 21:00:00,8.429877063523989,0.0,0.2951152391988964,4.850169731989501
2025-02-05 22:00:00,12.547995170221256,0.0,0.1659266999828288,3.340725358146939
2025-02-05 23:00:00,12.620852610355556,0.0,0.1501934407081175,3.0299387021101816
2025-02-06 00:00:00,9.042481323468245,0.0,0.0881103658046503,3.277573382129728
2025-02-06 01:00:00,9.482334540423642,0.0,0.0995011984587188,3.731212129340552
2025-02-06 02:00:00,10.792386233928864,0.0,0.0895387891493749,2.6326798567586884
2025-02-06 03:00:00,11.342029200615716,0.0,0.1047340741571246,2.954827339121771
2025-02-06 04:00:00,12.449480768204069,0.0,0.1029094736433948,2.727554775949989
2025-02-06 05:00:00,15.200514032036786,0.0,0.1095783963110826,2.715158962427528
2025-02-06 06:00:00,12.696243517953748,0.0,0.0920911820830543,3.402204454719918
2025-02-06 07:00:00,12.540675627694704,1.254009552190516,0.1503400809622814,3.7537343997741504
2025-02-06 08:00:00,12.392685517173032,2.397963193571751,0.1363497820457336,4.164630584608787
2025-02-06 09:00:00,13.986589642841588,2.952257884675045,0.1570149478192471,3.5105448591857806
2025-02-06 10:00:00,15.510050111237442,4.046732861986193,0.1551887118044012,3.398558567798989
2025-02-06 11:00:00,18.551278633338708,4.076694068015613,0.1549580502102757,2.5013024027905475
2025-02-06 12:00:00,15.185247410640564,4.218207534552173,0.1500161903135694,2.6401533963001875
2025-02-06 13:00:00,16.195123765520375,4.707991805022036,0.1541477289078879,2.2439002710780067
2025-02-06 14:00:00,15.53510622643901,3.6803212707470503,0.1660433910830859,2.40317995804013
2025-02-06 15:00:00,16.865574612926594,3.014571108598441,0.1471490574295798,2.6007181001488595
2025-02-06 16:00:00,18.25206299800525,2.0003266953806493,0.1513864518371008,2.580832386941887
2025-02-06 17:00:00,12.941818335121903,1.2606219084227848,0.2891387370081859,3.876083902920072
2025-02-06 18:00:00,12.22750519541749,5.869235897606775e-16,0.2913173903840166,4.330457099825888
2025-02-06 19:00:00,13.751448539490866,0.0,0.300978132930933,4.3317128180796685
2025-02-06 20:00:00,12.484501593634292,0.0,0.311039335467019,4.049567019555645
2025-02-06 21:00:00,13.61040500423923,0.0,0.2974371917574843,4.135256810462309
2025-02-06 22:00:00,11.239480425830452,0.0,0.1476408347068787,3.487093917785136
2025-02-06 23:00:00,9.524948744147029,0.0,0.1459311475549562,3.653474397725293
2025-02-07 00:00:00,10.984212422944582,0.0,0.0946524332915567,3.0561561674673627
2025-02-07 01:00:00,11.863508068913276,0.0,0.1029497145570882,2.4824603271044
2025-02-07 02:00:00,11.730877237348848,0.0,0.0850274235482135,2.551275979191495
2025-02-07 03:00:00,11.737820880007424,0.0,0.1128093957666672,3.329467486720601
2025-02-07 04:00:00,13.198242211289848,0.0,0.0933457770187054,3.129399048223945
2025-02-07 05:00:00,14.075716427267064,0.0,0.1072190348543814,2.951589033249616
2025-02-07 06:00:00,15.171468663462408,0.0,0.0873000140260612,3.3006944627437065
2025-02-07 07:00:00,14.847752143598145,1.2703963436656391,0.1566884013054622,3.575846930836416
2025-02-07 08:00:00,14.347553056430836,2.234034527117145,0.1567194460781449,4.024775295094851
2025-02-07 09:00:00,15.439621050115743,3.1581506016992424,0.1538420207200589,3.487645247578034
2025-02-07 10:00:00,17.50606983802197,4.122779443003699,0.140055714782002,2.563203934422795
2025-02-07 11:00:00,14.770604149292469,4.01293131496495,0.1524954818959807,2.6135181603665663
2025-02-07 12:00:00,16.65124014021547,4.487265354100051,0.1381694381526561,2.383965823741028
2025-02-07 13:00:00,15.40599943728228,4.27903712839824,0.1474723674490381,2.205619465755305
2025-02-07 14:00:00,15.73942362266166,3.981041436941671,0.1602941310095532,2.4386471643530547
2025-02-07 15:00:00,17.137228314376706,3.5352211549018264,0.1579670192707074,2.2956746670548083
2025-02-07 16:00:00,14.884878778935972,2.384724447041023,0.1501518294254043,3.030986275450337
2025-02-07 17:00:00,13.944342134447904,1.1382514017440977,0.2902519342407715,3.998012195166258
2025-02-07 18:00:00,11.058445965436238,5.912047393181448e-16,0.3064558771217419,4.692163019727349
2025-02-07 19:00:00,13.441153390639386,0.0,0.3001938123769802,4.54512911379738
2025-02-07 20:00:00,12.56645644861773,0.0,0.2767968440176958,4.637492879696891
2025-02-07 21:00:00,14.221791918304666,0.0,0.3078262982631651,3.890146781547926
2025-02-07 22:00:00,10.0384866131233,0.0,0.149757671661303,4.057833584191021
2025-02-07 23:00:00,10.529178189534822,0.0,0.1620245124798307,3.20831980078302
2025-02-08 00:00:00,10.60854609088038,0.0,0.0890472948115719,2.801550667330707
2025-02-08 01:00:00,12.702873006092254,0.0,0.06823296186804,2.378714622667952
2025-02-08 02:00:00,10.493451055380504,0.0,0.1027908385834518,2.831653224687781
2025-02-08 03:00:00,11.531682510410114,0.0,0.1029156367668197,3.0350574780616304
2025-02-08 04:00:00,12.646315329889058,0.0,0.0830932837239354,3.1054425600590383
2025-02-08 05:00:00,12.737927114741224,0.0,0.0902150045413339,3.310488487035671
2025-02-08 06:00:00,12.564820143488456,0.0,0.127552177437199,3.203179290547224
2025-02-08 07:00:00,14.302062689969272,1.1486851506753664,0.1469438938584619,3.9841279883934657
2025-02-08 08:00:00,16.344918190103908,2.419590197490149,0.1573095897637621,3.3309172115596004
2025-02-08 09:00:00,13.816017959757302,2.9420447486941743,0.1434934017263161,4.005537463390012
2025-02-08 10:00:00,16.03200128788788,3.485727708905841,0.1290969710114684,3.0730060079843518
2025-02-08 11:00:00,15.082066821772692,4.297441448105006,0.1482974175320409,2.9809604597579207
2025-02-08 12:00:00,18.02704050870151,4.237478556752258,0.1473439543971389,1.9514064214178544
2025-02-08 13:00:00,13.84746768700579,3.911627109719405,0.1460012176133162,2.853090249430231
2025-02-08 14:00:00,14.994164005760185,4.0916221390864855,0.148853591644936,2.2485388621429614
2025-02-08 15:00:00,15.921608721470674,2.90733529174891,0.1526426827164563,2.522790243919469
2025-02-08 16:00:00,17.08275660916576,2.304159750003885,0.1484988304874619,2.724092794769354
2025-02-08 17:00:00,13.91230230901233,1.1080172083745805,0.2873599383205263,3.480366942371389
2025-02-08 18:00:00,12.40167127527445,5.111058579321399e-16,0.3048618479156194,4.500385386536436
2025-02-08 19:00:00,15.27974903416757,0.0,0.2805062824467758,4.687648344404059
2025-02-08 20:00:00,9.562449714689883,0.0,0.2794964254271579,5.355561937618104
2025-02-08 21:00:00,7.814941286824483,0.0,0.3073918049470157,4.582278296073328
2025-02-08 22:00:00,11.29641602904093,0.0,0.1550702027213535,3.840905651044137
2025-02-08 23:00:00,9.583611749918129,0.0,0.1494260463492596,3.460178553585758
2025-02-09 00:00:00,8.838495927755751,0.0,0.0860455149524492,3.199660321564807
2025-02-09 01:00:00,11.535102345533645,0.0,0.0929208905932592,2.710639224987806
2025-02-09 02:00:00,11.137970012755304,0.0,0.0973725325231349,2.879122478361809
2025-02-09 03:00:00,10.402906863787084,0.0,0.0840410603142588,3.0850523177171905
2025-02-09 04:00:00,9.94988855544548,0.0,0.0926097134197676,3.053324352764575
2025-02-09 05:00:00,13.902574010564477,0.0,0.1065233033817668,2.9631709659409493
2025-02-09 06:00:00,14.345646920389813,0.0,0.1142730536428921,3.3366324268294507
2025-02-09 07:00:00,13.998038493090307,1.0402339848889333,0.1458056524734144,3.9692625129529
2025-02-09 08:00:00,17.64030064752332,2.413429280486376,0.1575648835431609,3.329968606998149
2025-02-09 09:00:00,13.886538347522237,3.1994712524668363,0.1308593992941253,3.80714311031222
2025-02-09 10:00:00,13.680133608418029,4.1354826581596,0.1565945124111361,3.811188128645484
2025-02-09 11:00:00,15.23026052749716,4.090141046550706,0.1419605158527251,3.055482582801401
2025-02-09 12:00:00,16.301966128918576,4.345083745513234,0.1530734561670797,2.69149596530428
2025-02-09 13:00:00,16.633131806303066,3.892781412796492,0.1475224758176029,2.2894633966089355
2025-02-09 14:00:00,15.60656727802064,4.29677839376269,0.1632041400978383,2.5322449314298887
2025-02-09 15:00:00,16.01974859178291,3.3006810505112,0.1412556435166008,2.8451516749932213
2025-02-09 16:00:00,12.993036017166157,2.466602543879653,0.1562760629756183,3.7265292972693
2025-02-09 17:00:00,16.312449194869274,1.1039917070590264,0.2972049253670346,3.152885704056478
2025-02-09 18:00:00,13.247118385862969,5.647414150872001e-16,0.2984169452199033,4.116937958338152
2025-02-09 19:00:00,14.26983176552645,0.0,0.2981614610684079,4.709509413354131
2025-02-09 20:00:00,12.384433173018378,0.0,0.2915432689550589,4.428165007000922
2025-02-09 21:00:00,11.934154638622854,0.0,0.2998590103409332,3.934197378588659
2025-02-09 22:00:00,11.62691986244681,0.0,0.1493735177787817,3.3270767386228064
2025-02-09 23:00:00,11.144130514610588,0.0,0.1524124024840673,3.115494033928134
2025-02-10 00:00:00,11.469897818547269,0.0,0.1008450514569286,2.503641599031417
2025-02-10 01:00:00,12.601764995077396,0.0,0.1079799454961223,3.069288291814499
2025-02-10 02:00:00,11.202519221944844,0.0,0.1092350861604737,2.8278739777784296
2025-02-10 03:00:00,12.447998971569078,0.0,0.089493766781722,2.7205554155095224
2025-02-10 04:00:00,11.871210137315114,0.0,0.1086877250059077,3.0560730437490515
2025-02-10 05:00:00,14.889532366612602,0.0,0.0881366357289014,3.052703857047086
2025-02-10 06:00:00,12.491225225657049,0.0,0.1058785588813773,3.760026685307808
2025-02-10 07:00:00,16.98368146341974,1.1964400927940366,0.1561973878470287,3.6604290818287777
2025-02-10 08:00:00,14.945576752779438,2.4950544230434324,0.1308868310833749,3.740372798534779
2025-02-10 09:00:00,13.480971369128524,3.0489591886873546,0.1509297924652941,3.806546228449623
2025-02-10 10:00:00,16.296046512465452,3.75852588575465,0.1453150388663968,3.268683817437709
2025-02-10 11:00:00,15.382013671400836,3.939952913174191,0.1424123474206462,2.698982362687848
2025-02-10 12:00:00,17.766779002229036,4.442798136543738,0.16350852330699,2.244861284323838
2025-02-10 13:00:00,15.424655188659573,4.1158568185612125,0.1434632085936258,2.509346975575511
2025-02-10 14:00:00,15.434614740277098,3.761483222545357,0.1419362307088195,2.645716739683984
2025-02-10 15:00:00,12.7928229258873,3.418558497022942,0.1507569494000509,2.676399329086069
2025-02-10 16:00:00,14.32735419987234,2.4677422567637475,0.1568558974629841,3.3973091394161608
2025-02-10 17:00:00,10.64645182411008,1.083347436750424,0.2985835141398987,4.176381159553813
2025-02-10 18:00:00,11.129959443517368,5.354779067270167e-16,0.3116637054566925,4.77557683500247
2025-02-10 19:00:00,13.869978527654837,0.0,0.3053097566196409,4.650989320089161
2025-02-10 20:00:00,13.184513916722205,0.0,0.2782178868026856,4.709116201134055
2025-02-10 21:00:00,12.022679677863758,0.0,0.2947053303649299,4.328609261255606
2025-02-10 22:00:00,9.45727325269882,0.0,0.144381579006483,4.107580861713745
2025-02-10 23:00:00,10.536469165665778,0.0,0.1547936095342942,3.5881507999435804
2025-02-11 00:00:00,10.6354321903131,0.0,0.0737518294362588,2.9425271280674714
2025-02-11 01:00:00,9.005511486292933,0.0,0.1254900970871772,3.0890568757295074
2025-02-11 02:00:00,13.297857240246362,0.0,0.1053102609489421,2.755484042614029
2025-02-11 03:00:00,12.835559091252817,0.0,0.1014887680391769,2.8320544997866213
2025-02-11 04:00:00,11.809389738204455,0.0,0.1118156771641914,2.8840629092611114
2025-02-11 05:00:00,12.904707622133188,0.0,0.1234365405281262,3.1793784742929554
2025-02-11 06:00:00,13.95341021087028,0.0,0.108707466445884,3.388367562414373
2025-02-11 07:00:00,11.35469083162008,1.2296951296993737,0.1594881309647162,3.9503969871712106
2025-02-11 08:00:00,14.770069925168055,2.376934041354956,0.1513069002446438,4.145694876281587
2025-02-11 09:00:00,14.739179970511898,3.23705784931962,0.1485847424663305,3.726174405781008
2025-02-11 10:00:00,14.736482195459894,4.247300154443214,0.145242045559951,3.7117668559296906
2025-02-11 11:00:00,16.116963038487224,4.653258655480596,0.1417388800828545,2.391167796925439
2025-02-11 12:00:00,19.337365789223234,4.757048114698625,0.143129859003005,2.106540336428094
2025-02-11 13:00:00,17.499877769716672,3.917414114631707,0.1364944403565701,2.18709528030187
2025-02-11 14:00:00,15.382143725628072,3.470058105146241,0.1492412854931497,2.722452464505575
2025-02-11 15:00:00,16.621030514542834,2.9786500350957272,0.1331533242277361,2.6524444854418827
2025-02-11 16:00:00,17.239869153827957,2.3317617969567257,0.1519091652414371,2.966952765799848
2025-02-11 17:00:00,15.80424365862567,1.1417019218312192,0.2996366939195766,3.378738192471458
2025-02-11 18:00:00,13.730281553829212,5.391392733997175e-16,0.3014693529838668,4.090658360146278
2025-02-11 19:00:00,11.893973697083029,0.0,0.2947786842998001,4.797224493344793
2025-02-11 20:00:00,13.18817096936934,0.0,0.330768603701805,4.114273143828896
2025-02-11 21:00:00,12.109743733521936,0.0,0.3136011590018031,3.9410952949945184
2025-02-11 22:00:00,12.385549617637237,0.0,0.1375545749991527,3.5870568312162474
2025-02-11 23:00:00,11.695816222604702,0.0,0.1523286808742689,2.963830234822307
2025-02-12 00:00:00,12.349701177012326,0.0,0.0939199385706267,2.9996102451727364
2025-02-12 01:00:00,10.074741807825266,0.0,0.0898552027329258,3.199099488585837
2025-02-12 02:00:00,13.153386991131496,0.0,0.0865992792887606,2.283973056204486
2025-02-12 03:00:00,11.95045116751228,0.0,0.1043221669075925,2.605377011712484
2025-02-12 04:00:00,15.388263412971222,0.0,0.0931861976493042,2.059255866737762
2025-02-12 05:00:00,11.965133241591408,0.0,0.109678260240252,3.054644445686689
2025-02-12 06:00:00,16.379317808781195,0.0,0.1099378221453044,3.257555639336462
2025-02-12 07:00:00,14.848695414534856,1.2254889864539904,0.1637391438521145,3.619124030458477
2025-02-12 08:00:00,14.29824509861165,2.2657274570946524,0.1414761323392589,4.036381155916279
2025-02-12 09:00:00,15.170863696511482,3.0320352291634687,0.1547536561069201,3.358865646498692
2025-02-12 10:00:00,15.89292735309516,3.890895894825673,0.156324542166423,3.32284683639007
2025-02-12 11:00:00,17.309398502503402,4.153425096744497,0.1452582182489603,2.4621521496977943
2025-02-12 12:00:00,17.559625336086572,4.596081955238306,0.1422822804260712,2.27317498712296
2025-02-12 13:00:00,15.81259957699266,4.282764354820716,0.1660952066577597,2.3644659958119667
2025-02-12 14:00:00,16.336916426995163,3.6064809798426856,0.1522749587573205,2.126093816637285
2025-02-12 15:00:00,19.11009798551076,2.9108638073361,0.1563596775071173,2.176457406318629
2025-02-12 16:00:00,17.86668685918439,2.273347841036065,0.1417792398817207,3.0231989841216107
2025-02-12 17:00:00,15.206314743851934,1.2688378599732628,0.2878071553347781,3.7557408522554754
2025-02-12 18:00:00,13.832377321285623,5.319813876474411e-16,0.2943055022550789,4.519804955808088
2025-02-12 19:00:00,13.178961958803152,0.0,0.2987597861261,4.643456616980901
2025-02-12 20:00:00,13.195649063128949,0.0,0.2893577999318265,4.414795098303258
2025-02-12 21:00:00,10.119862912676073,0.0,0.2999015519134961,3.941054419820535
2025-02-12 22:00:00,10.79123108654499,0.0,0.1331149481193149,3.624118249777912
2025-02-12 23:00:00,8.374718514349734,0.0,0.1387995257753012,3.553349950187509
2025-02-13 00:00:00,11.50821681195552,0.0,0.1067091124827687,3.170138616161707
2025-02-13 01:00:00,11.982398558734506,0.0,0.1060379052027789,2.862784736048886
2025-02-13 02:00:00,10.586526223245222,0.0,0.0960812323461313,3.213492584360405
2025-02-13 03:00:00,14.149041929423008,0.0,0.0898223569092304,2.64752791009854
2025-02-13 04:00:00,10.570733633544087,0.0,0.0897259644847398,2.952254243778112
2025-02-13 05:00:00,10.936362672425307,0.0,0.0962673175405868,3.358040029726218
2025-02-13 06:00:00,14.24605985588756,0.0,0.1064451849164529,3.407513627622065
2025-02-13 07:00:00,16.256486717273393,1.062310999041408,0.1592824569134432,3.345136948630688
2025-02-13 08:00:00,17.935273665234405,2.28842869056635,0.1450346826451803,3.4309008038797706
2025-02-13 09:00:00,15.342376077303832,3.1565117298664465,0.1384650757401521,3.601597625724524
2025-02-13 10:00:00,18.125479589547854,3.566906707508918,0.1526784363786633,3.2315270343581317
2025-02-13 11:00:00,16.749396902663744,4.810859480112709,0.1417646502937415,2.224226082186028
2025-02-13 12:00:00,16.650441178136372,4.214695887463355,0.1448174736113879,2.6210068337636114
2025-02-13 13:00:00,18.132649513144813,3.928646536115117,0.1632527609043703,1.93319379833782
2025-02-13 14:00:00,17.485942657021045,3.979254557161012,0.1582711542856577,1.9681045357587124
2025-02-13 15:00:00,13.666114236130868,3.3508847625397293,0.1515797431225145,3.163128990338574
2025-02-13 16:00:00,17.624192652636445,2.0162217230235933,0.1372808099888727,3.005119008953555
2025-02-13 17:00:00,16.755976294576342,1.2057648506575993,0.3021139656747065,3.740886775144445
2025-02-13 18:00:00,12.971038075783303,5.550456738685502e-16,0.3106265729078752,4.573296246466796
2025-02-13 19:00:00,13.72663029289615,0.0,0.2962436633423446,4.924773770136718
2025-02-13 20:00:00,13.150427407471708,0.0,0.3135111408998671,4.503368337409181
2025-02-13 21:00:00,12.17907243322382,0.0,0.312927452895182,4.007855925863527
2025-02-13 22:00:00,10.485848185926152,0.0,0.1666373283214347,3.7834228126686735
2025-02-13 23:00:00,10.004169597273318,0.0,0.1530524312653135,3.611986509986621
2025-02-14 00:00:00,11.004495254442327,0.0,0.1058739169980601,2.684088698356752
2025-02-14 01:00:00,12.904142410951335,0.0,0.1141418728833109,2.4844064308568545
2025-02-14 02:00:00,12.260150381467827,0.0,0.1044739393706897,2.6436534461122045
2025-02-14 03:00:00,11.365584519240697,0.0,0.0949876589220978,2.441118698388405
2025-02-14 04:00:00,13.700374426902012,0.0,0.0955145716347213,2.7465736756485666
2025-02-14 05:00:00,8.99355529467682,0.0,0.1023855495377374,3.1905263310358607
2025-02-14 06:00:00,15.765974911487652,0.0,0.0870943857805378,3.1884909542837314
2025-02-14 07:00:00,12.20971282806991,1.0489328340638937,0.148567410846358,4.191638880516293
2025-02-14 08:00:00,14.999164948824795,2.346005627973327,0.1609654711823025,3.76473603303874
2025-02-14 09:00:00,14.48464186254992,3.1522318220124284,0.1280874614883471,4.081102304267802
2025-02-14 10:00:00,14.698880358701452,3.660275097791581,0.1653448210179451,3.014437244917236
2025-02-14 11:00:00,18.68184402086448,4.456753080610426,0.1612237421870316,2.728553951910239
2025-02-14 12:00:00,16.341274558961658,4.252858118250112,0.1454023538416952,2.5519705552027525
2025-02-14 13:00:00,17.460359662392776,4.421652734762214,0.155433908278718,1.8421030361804256
2025-02-14 14:00:00,16.570521703964037,3.775185515286342,0.1500314772690632,2.8945297473875837
2025-02-14 15:00:00,16.87970794532382,3.410766488844688,0.1622999036843868,2.528760262126934
2025-02-14 16:00:00,15.65805919751988,2.4103480803833897,0.1598268314276994,2.9191786052895403
2025-02-14 17:00:00,12.894795159954205,1.1588235546314325,0.2859992927681699,3.67190733186606
2025-02-14 18:00:00,15.537226590100206,5.328216695916266e-16,0.3058726241346418,4.061209629707718
2025-02-14 19:00:00,12.525734350879963,0.0,0.2979437214635675,4.631430908353188
2025-02-14 20:00:00,10.20795351293987,0.0,0.300828325705181,4.765249543072037
2025-02-14 21:00:00,11.279333275920983,0.0,0.2927182809903018,4.087560868719706
2025-02-14 22:00:00,13.695889835527646,0.0,0.1674813706912083,3.456277601275245
2025-02-14 23:00:00,12.42038149523253,0.0,0.1604006181990257,2.995821290029673
2025-02-15 00:00:00,10.652687058661057,0.0,0.0926022883602703,2.4951879234544334
2025-02-15 01:00:00,10.754001224927997,0.0,0.0866538939308976,2.842928790556004
2025-02-15 02:00:00,11.095136472093454,0.0,0.0961432736902215,2.371751587482056
2025-02-15 03:00:00,15.169466892054462,0.0,0.104345026460913,2.4763234995820977
2025-02-15 04:00:00,13.248568438620174,0.0,0.1024020584394622,2.5773146665023505
2025-02-15 05:00:00,14.044270595751884,0.0,0.1125313282476824,2.9943383066802185
2025-02-15 06:00:00,15.721090441320609,0.0,0.1078991972218085,3.446080224422173
2025-02-15 07:00:00,15.310306134120175,1.1348208518307608,0.159695690257529,3.4567599935096105
2025-02-15 08:00:00,15.28710204154179,2.22956201164334,0.1532685540061043,4.037810125743892
2025-02-15 09:00:00,16.002460830205017,3.042882634803921,0.1361070126978901,3.476862940774585
2025-02-15 10:00:00,16.666339582505064,4.271717830271987,0.1480430146885309,3.421081278357617
2025-02-15 11:00:00,17.017609384375287,3.978304382614256,0.1606008973990866,2.535158166819196
2025-02-15 12:00:00,18.267109575728316,4.93374942300147,0.1494847707147535,2.0497974938954293
2025-02-15 13:00:00,17.151361567850998,4.524267572716701,0.1550309036862374,2.359837147266634
2025-02-15 14:00:00,17.87270158744953,3.924456603308845,0.1468125168475386,2.10895135563649
2025-02-15 15:00:00,16.17591073366961,2.8515205680940907,0.1397018815145815,2.4576750818004305
2025-02-15 16:00:00,15.79361804574698,2.237798095911004,0.1487665593595389,2.982840377792656
2025-02-15 17:00:00,11.954821368782245,1.1408091555892537,0.3030904744303265,4.057200319326898
2025-02-15 18:00:00,15.550156772326568,5.096023298637086e-16,0.2934431228053855,4.37209763962146
2025-02-15 19:00:00,13.91894083881227,0.0,0.2976428875514333,4.102909955187387
2025-02-15 20:00:00,14.17268042506232,0.0,0.2906053675801401,4.273569339699495
2025-02-15 21:00:00,7.709961849422668,0.0,0.3111924491756409,4.700425390075106
2025-02-15 22:00:00,14.71015110609062,0.0,0.1470554424241196,3.2466109017830296
2025-02-15 23:00:00,11.068503339172878,0.0,0.1645275554512618,3.497545669176188
2025-02-16 00:00:00,12.970133688151147,0.0,0.115287478505409,2.5892180854120115
2025-02-16 01:00:00,9.85022309348937,0.0,0.0991895403527825,2.9443441770213776
2025-02-16 02:00:00,12.628944109285412,0.0,0.0899155126745265,2.779656111096345
2025-02-16 03:00:00,10.606415774724743,0.0,0.0791410212226666,2.9729982704736555
2025-02-16 04:00:00,11.872206022001166,0.0,0.0852796292697321,2.8602564548970646
2025-02-16 05:00:00,16.40244935853749,0.0,0.0862616517510134,2.7819135920800617
2025-02-16 06:00:00,14.021835861899852,0.0,0.113784696274615,3.2566701190044145
2025-02-16 07:00:00,15.41046590812202,1.1777983504498912,0.1511582458722694,3.512255129279124
2025-02-16 08:00:00,17.112961059078003,2.201603878066626,0.1538960452409198,3.500856987584
2025-02-16 09:00:00,17.172702638563422,3.4179024576487342,0.1277957899106487,3.693725669142089
2025-02-16 10:00:00,17.131564032113552,4.169627400943197,0.1380203357078273,2.370412112794339
2025-02-16 11:00:00,17.753078445611415,4.454686688798762,0.1588707977644628,2.5990521690630914
2025-02-16 12:00:00,20.912982840902284,4.373457945132706,0.1528677411238258,2.224750453836812
2025-02-16 13:00:00,17.119208746361696,4.11033930296519,0.148527947213144,1.8900737039186688
2025-02-16 14:00:00,17.207584244470638,3.5557914643186828,0.1556484235860012,2.3378687385458847
2025-02-16 15:00:00,18.005161400615933,3.0793776833669297,0.1663579780613581,2.502224671032892
2025-02-16 16:00:00,17.46614836248185,2.20658625860386,0.1477895753646295,2.99563255619671
2025-02-16 17:00:00,16.864862056693006,1.210192024543913,0.3006936980265807,2.946551130605217
2025-02-16 18:00:00,15.26595479608865,5.704600518742821e-16,0.301925969187313,4.411043732891927
2025-02-16 19:00:00,11.816894958641583,0.0,0.3239210963527399,4.594425668962818
2025-02-16 20:00:00,15.258006761496516,0.0,0.2790064373558097,4.276027596887942
2025-02-16 21:00:00,10.467021029957198,0.0,0.3068322301478881,4.392812325616609
2025-02-16 22:00:00,12.163736449550106,0.0,0.1488519775124093,3.338151528445673
2025-02-16 23:00:00,10.27866820914863,0.0,0.1556677172618417,3.462444841362701
2025-02-17 00:00:00,11.343162277360824,0.0,0.0934262744600527,2.722225072476084
2025-02-17 01:00:00,12.034735933838329,0.0,0.0995103496914155,2.304837488749061
2025-02-17 02:00:00,12.323329409072407,0.0,0.1071141057946549,2.9314123508247927
2025-02-17 03:00:00,12.950930585043595,0.0,0.1311291020104384,2.516784737641875
2025-02-17 04:00:00,15.359936700838285,0.0,0.1080803618940207,2.3489118285450936
2025-02-17 05:00:00,14.34321411421372,0.0,0.0915193440196949,2.845179839874293
2025-02-17 06:00:00,14.07313484431434,0.0,0.0957624031797729,3.4354672448234824
2025-02-17 07:00:00,16.661957684990412,1.2245987815339625,0.1454658589161614,3.472857464294361
2025-02-17 08:00:00,17.723575530637273,2.479059004459717,0.1320435682736998,3.6427954402914446
2025-02-17 09:00:00,14.719278418104468,2.9843059892336044,0.1466990980829856,3.4496248702581505
2025-02-17 10:00:00,17.93354611337842,4.23155754217248,0.1573282908182174,2.7699002601535505
2025-02-17 11:00:00,18.388906389583862,4.766171778638783,0.137257678809232,2.4671024011195657
2025-02-17 12:00:00,16.99302454221033,4.916420544532066,0.1604848265105059,2.718310604463269
2025-02-17 13:00:00,19.400707496084948,4.47746644284405,0.1548777482108433,2.097790337646945
2025-02-17 14:00:00,16.812362628054842,4.009542301706352,0.1426576667802896,2.540394429420906
2025-02-17 15:00:00,16.74905482101727,3.1135400977169927,0.1485847036266215,2.5648987279013764
2025-02-17 16:00:00,15.679762060824508,2.376198941151894,0.1659832180764103,2.9953393386365974
2025-02-17 17:00:00,15.239195503930077,1.1727851909083535,0.3073354781350586,3.622651844722871
2025-02-17 18:00:00,12.79495716690751,5.728209562139701e-16,0.3000878365489814,4.400601623617
2025-02-17 19:00:00,11.502836338051308,0.0,0.2976231668303901,4.900389192162766
2025-02-17 20:00:00,15.331127392087772,0.0,0.3007660907045166,4.4048618253816665
2025-02-17 21:00:00,11.04760743121318,0.0,0.2948823644205769,4.246863370866699
2025-02-17 22:00:00,10.354205061712536,0.0,0.1289525049428098,3.968050247858391
2025-02-17 23:00:00,8.311507147977537,0.0,0.1704217791053473,3.3734542307069844
2025-02-18 00:00:00,10.611714672004664,0.0,0.101553249991994,2.8041713315384884
2025-02-18 01:00:00,9.687745124560465,0.0,0.1039814726512253,2.8558913148885026
2025-02-18 02:00:00,14.435103822390154,0.0,0.0994209225012309,2.5073399542960773
2025-02-18 03:00:00,13.963562583993223,0.0,0.0926488319927541,2.478486213335285
2025-02-18 04:00:00,12.03793177577233,0.0,0.0981407551905123,3.064405699507458
2025-02-18 05:00:00,17.172353866247818,0.0,0.0840060523780568,2.400095900911058
2025-02-18 06:00:00,16.042805524026306,0.0,0.122770864980533,3.153265612856825
2025-02-18 07:00:00,14.859367353583544,1.1605499227969425,0.137654880015776,3.8379939684300575
2025-02-18 08:00:00,12.321048721228555,2.25704772127563,0.1396803371615282,3.768424717470935
2025-02-18 09:00:00,20.12789149598467,3.046547138368365,0.145597407956136,3.748162415202459
2025-02-18 10:00:00,15.083874804746838,3.9603707183143606,0.1628807572485237,3.203707714299512
2025-02-18 11:00:00,14.999836651970783,4.1778331986378285,0.1501450899926265,2.445313434612144
2025-02-18 12:00:00,19.10401294155337,4.0392694142416525,0.1376386420396953,2.2495148707121246
2025-02-18 13:00:00,21.12756338191503,4.126433782772995,0.1625433836075734,2.1272415389243267
2025-02-18 14:00:00,19.244642732658008,3.4696260287797065,0.1573100062678548,2.164454616140662
2025-02-18 15:00:00,17.5373413171771,3.5202284290804142,0.1553843495721645,2.660831537190667
2025-02-18 16:00:00,16.962288806036845,2.4828736049098734,0.1571573424117084,3.087656850984042
2025-02-18 17:00:00,16.62673776701694,1.1375498971690687,0.3239436190058244,3.565066896180104
2025-02-18 18:00:00,15.708550178219063,5.790584231948684e-16,0.3218509489503611,4.17468553145472
2025-02-18 19:00:00,14.215487294185415,0.0,0.293132846569967,4.433270239746909
2025-02-18 20:00:00,13.22645894946673,0.0,0.3162388499281115,4.737597954828891
2025-02-18 21:00:00,12.35494725812999,0.0,0.3038316818975889,3.722207218427864
2025-02-18 22:00:00,10.841134198885586,0.0,0.1549909581613774,3.7001335504924535
2025-02-18 23:00:00,11.25136719937155,0.0,0.1330772916835667,3.226633898303396
2025-02-19 00:00:00,9.160747975459827,0.0,0.098296142346118,3.223869518099593
2025-02-19 01:00:00,11.654896277693576,0.0,0.0918717640966343,2.595922907869082
2025-02-19 02:00:00,10.619220324673217,0.0,0.1082805881489331,2.553622535367833
2025-02-19 03:00:00,10.923478877369607,0.0,0.110710805004028,2.946452538385641
2025-02-19 04:00:00,13.470024423483125,0.0,0.0792551364898369,2.8028460928190446
2025-02-19 05:00:00,16.011729490962242,0.0,0.0997796513599573,3.023491050161345
2025-02-19 06:00:00,16.077658105756377,0.0,0.1112186150479425,2.886404699119943
2025-02-19 07:00:00,13.120889426625704,1.0664347785944794,0.1481332103768655,4.140178490805892
2025-02-19 08:00:00,14.7157409918974,2.469264891736565,0.1572906364500236,4.36760507280422
2025-02-19 09:00:00,18.232660322294876,2.956543050000118,0.1535116546762708,3.248283176231922
2025-02-19 10:00:00,15.82452831779876,4.003421882636672,0.1534166023195262,2.913271225810612
2025-02-19 11:00:00,17.261010950624573,4.078791880878049,0.147286850219317,2.497585628234249
2025-02-19 12:00:00,18.52526134528973,4.307216417021271,0.1378341919586429,2.220697084471044
2025-02-19 13:00:00,16.14544399332466,4.391541723607731,0.1387846985257497,2.45585714113212
2025-02-19 14:00:00,17.45632266732516,3.825401713906353,0.1570935251445531,2.127795826008532
2025-02-19 15:00:00,14.82046529793524,2.941723733716368,0.1501945825551888,3.099658143743825
2025-02-19 16:00:00,15.298131730826086,2.085468201210424,0.1486148775539277,2.9149602427223096
2025-02-19 17:00:00,15.956313233274274,1.143500015196976,0.2957610995767765,3.2381015715898958
2025-02-19 18:00:00,12.310692596455402,5.8259913719832815e-16,0.2969481115451924,4.713739399334492
2025-02-19 19:00:00,14.584438168385942,0.0,0.3104691179448813,3.954943618489223
2025-02-19 20:00:00,13.170726498362884,0.0,0.2966475591813197,4.348361725338799
2025-02-19 21:00:00,13.407597784818986,0.0,0.2865893528669843,4.515264584738348
2025-02-19 22:00:00,12.437978186496585,0.0,0.1574365177554017,3.4781732265439684
2025-02-19 23:00:00,13.848616362846467,0.0,0.1479512333613528,2.6778055423094
2025-02-20 00:00:00,12.017245731382834,0.0,0.1003139586553277,2.706954213418556
2025-02-20 01:00:00,11.287523186855887,0.0,0.1160757830639951,2.798618296530678
2025-02-20 02:00:00,12.414779020606082,0.0,0.0997943944264949,2.71902000040582
2025-02-20 03:00:00,13.523035677405913,0.0,0.1028918367311872,2.73559371559357
2025-02-20 04:00:00,13.40269908289953,0.0,0.0882107650870167,2.546856801571807
2025-02-20 05:00:00,14.113839378909235,0.0,0.0978033054764904,3.290827592765535
2025-02-20 06:00:00,13.77642144570084,0.0,0.106095260452086,3.4656483644661487
2025-02-20 07:00:00,14.611514736392111,1.0703356883733146,0.1344462626615875,3.875723509570939
2025-02-20 08:00:00,14.22550106971143,2.115737606882649,0.152008450931157,3.827321110709983
2025-02-20 09:00:00,19.575094435751023,3.442485387976049,0.151007910726448,3.581112581135525
2025-02-20 10:00:00,15.561690335677358,4.266442799854424,0.1504128745558743,3.151589745801212
2025-02-20 11:00:00,16.687828659584316,4.2690322316274605,0.1603715889865824,2.7032728791324607
2025-02-20 12:00:00,16.751798079057174,4.050622472269074,0.1533443851484852,2.181059106072485
2025-02-20 13:00:00,19.06957302169484,3.901752894665052,0.1647807189835644,1.9211665200492711
2025-02-20 14:00:00,16.985060671326245,3.9611567796521943,0.1400641048440596,2.440267272786588
2025-02-20 15:00:00,18.822342429981216,3.1062459205395845,0.1513592456721834,2.3183529066251083
2025-02-20 16:00:00,15.319173041045168,2.014326213788827,0.1508446678638994,2.964577130996757
2025-02-20 17:00:00,16.02435735605424,1.186233007642181,0.2893074550624492,3.4491406388854537
2025-02-20 18:00:00,13.576388397521336,4.912428811845407e-16,0.3095629500209134,4.480304432692601
2025-02-20 19:00:00,17.27067553376349,0.0,0.3232467330585282,3.9617117686444345
2025-02-20 20:00:00,11.548011348866703,0.0,0.2998299392551616,4.560382510732452
2025-02-20 21:00:00,13.172819699191871,0.0,0.3050502108827376,3.922907279229412
2025-02-20 22:00:00,13.181998087455804,0.0,0.1508451847581532,3.007829771818788
2025-02-20 23:00:00,12.552330144721015,0.0,0.1428641533009282,2.763288137549001
2025-02-21 00:00:00,11.67986485480882,0.0,0.0817923972219798,2.826174989214308
2025-02-21 01:00:00,11.86528781465804,0.0,0.0929422651690463,2.5920408266877875
2025-02-21 02:00:00,12.425437339740732,0.0,0.0860804161904826,2.896955996295121
2025-02-21 03:00:00,12.61597299712301,0.0,0.1170410207805911,2.905350061645702
2025-02-21 04:00:00,14.90361501831775,0.0,0.0988489030607676,2.718402856266256
2025-02-21 05:00:00,17.497123710204846,0.0,0.0965408067095283,2.9112782194252227
2025-02-21 06:00:00,14.121558665613634,0.0,0.108891538247878,3.358591175653453
2025-02-21 07:00:00,13.679549009064331,1.1775926367597158,0.1387824889714411,3.97197697275068
2025-02-21 08:00:00,16.3253732705985,2.025286551912114,0.1423313596199544,3.584086131235457
2025-02-21 09:00:00,20.948680693166505,3.129740341709819,0.1506807226924862,3.814310136310163
2025-02-21 10:00:00,16.350360702524103,4.184949585668113,0.1602876899142348,3.5050865140294194
2025-02-21 11:00:00,20.31424903015869,4.64190029317566,0.1550168504516878,2.492677902487431
2025-02-21 12:00:00,20.474347564240045,4.224318558853526,0.1524832514251588,2.295213336977806
2025-02-21 13:00:00,17.025191459430598,4.082078918628816,0.1507811773523601,2.509389390070986
2025-02-21 14:00:00,18.409347173256613,4.17190877816239,0.1540023585552677,2.1514055910923395
2025-02-21 15:00:00,19.521711621377836,3.486318156853171,0.1520165290512925,2.2757494585066445
2025-02-21 16:00:00,15.889104731644151,2.0476804606365016,0.1397002772522306,3.2417478958271304
2025-02-21 17:00:00,15.428882938279404,1.1517599277065196,0.3004607922163315,3.6649220866405736
2025-02-21 18:00:00,14.085274972202418,5.311849499181534e-16,0.2892631134108224,4.316046319316439
2025-02-21 19:00:00,12.65920411177852,0.0,0.3008108254290082,4.47404164290976
2025-02-21 20:00:00,12.483880025526371,0.0,0.2951935205851175,4.128074826181044
2025-02-21 21:00:00,11.000565599422355,0.0,0.3253938162278286,4.227800703120154
2025-02-21 22:00:00,12.410845334160909,0.0,0.1496010561624828,3.664830287715075
2025-02-21 23:00:00,10.905059017670215,0.0,0.1359576043373841,3.2100246040545914
2025-02-22 00:00:00,12.43598611763498,0.0,0.0986581978932307,2.9554707637374302
2025-02-22 01:00:00,9.85368630177621,0.0,0.1051935874563788,2.840055615381037
2025-02-22 02:00:00,12.983551386917226,0.0,0.1167336394615252,2.4076964373846748
2025-02-22 03:00:00,14.2142803488026,0.0,0.0941054760006128,2.506745697154817
2025-02-22 04:00:00,10.594703786091674,0.0,0.0841757202597636,3.07511995579204
2025-02-22 05:00:00,14.869934969412654,0.0,0.1081683701143098,3.0165802571248106
2025-02-22 06:00:00,16.926810738658794,0.0,0.0861940129410035,2.8835862276238733
2025-02-22 07:00:00,14.04730285721961,1.2437374067742046,0.1456384455849251,4.0716889731542585
2025-02-22 08:00:00,19.09416583020541,2.3800804648950797,0.14742379514489,3.893394511528134
2025-02-22 09:00:00,17.83515610755757,2.937250790979121,0.1493036654669989,3.3357886154358414
2025-02-22 10:00:00,16.625865677664557,3.5933554474352274,0.1568916445707433,3.3252412705622247
2025-02-22 11:00:00,17.899431112329502,4.122739852909827,0.1431636571771361,2.2910706679792803
2025-02-22 12:00:00,18.92279761873144,4.361074726341037,0.1472627074783324,2.432940399233151
2025-02-22 13:00:00,18.09709281593468,4.258241100130644,0.1498572964705061,2.330008127041589
2025-02-22 14:00:00,18.491517449971724,4.052736671797012,0.1514959795751878,2.3535209480931365
2025-02-22 15:00:00,15.82561720388945,2.868506242691237,0.1509782717470792,2.6648875904257925
2025-02-22 16:00:00,16.839348486002972,2.0173363521130327,0.1543600577522258,2.3620709068542896
2025-02-22 17:00:00,13.74119263989895,1.136710098076818,0.3084383950964173,3.723411644499069
2025-02-22 18:00:00,14.918468157925806,5.752366480647942e-16,0.3039263411565097,4.05428104356366
2025-02-22 19:00:00,12.952988652444107,0.0,0.3045358552350922,4.409990779031387
2025-02-22 20:00:00,12.482012336064209,0.0,0.2841777683325352,4.496281979498597
2025-02-22 21:00:00,14.81812666920487,0.0,0.3005022769916567,3.6386722036661854
2025-02-22 22:00:00,14.124196219486944,0.0,0.1547950754800161,3.113313371224107
2025-02-22 23:00:00,13.101236952442417,0.0,0.1572894119457045,2.779884572047572
2025-02-23 00:00:00,10.573434766638917,0.0,0.093076492257662,2.7485884248481383
2025-02-23 01:00:00,11.839513760238376,0.0,0.0934096072511135,2.966839427818672
2025-02-23 02:00:00,14.433474252263244,0.0,0.094258993247164,2.3124415736108377
2025-02-23 03:00:00,13.303158940548,0.0,0.1053641389989134,2.5265385862979404
2025-02-23 04:00:00,17.190898223620326,0.0,0.110338810549242,2.20875561535421
2025-02-23 05:00:00,15.02542353743178,0.0,0.0959253989270839,2.911726585457355
2025-02-23 06:00:00,15.499977588382832,0.0,0.1090796231362705,3.3010486681754925
2025-02-23 07:00:00,15.524686352651596,1.2486337759969957,0.1512347980916459,3.0118527984908074
2025-02-23 08:00:00,16.912215270821207,2.1984960811037366,0.1487571422283756,3.83487232929346
2025-02-23 09:00:00,17.10451950263661,2.9389599147489647,0.1478861577018203,3.718567420268776
2025-02-23 10:00:00,18.872143140033987,4.103185882330863,0.1574661136460215,2.7003657603727738
2025-02-23 11:00:00,19.544734867706865,4.211894939391272,0.1532557781678707,2.295842166636905
2025-02-23 12:00:00,17.03291972288586,4.671270825229133,0.1727582542764763,2.243895046694809
2025-02-23 13:00:00,16.112831962178323,4.125125278445141,0.1414777535700267,2.195812205976977
2025-02-23 14:00:00,15.055672065346156,3.534448542420466,0.1551810170202997,2.578938219002944
2025-02-23 15:00:00,18.09521124757624,3.530288443217907,0.1447079899018848,2.017769215394813
2025-02-23 16:00:00,15.056854004386974,2.0781007539653,0.1413071301301135,2.943234511289268
2025-02-23 17:00:00,12.759025159526622,1.291098358226997,0.2998913286296503,4.277456610909155
2025-02-23 18:00:00,15.79477182044423,6.095409937877854e-16,0.3013735247940703,3.888663814128766
2025-02-23 19:00:00,18.174946054489407,0.0,0.3291817355506009,4.248686060557361
2025-02-23 20:00:00,13.702797546337944,0.0,0.298158541843168,4.396406792474362
2025-02-23 21:00:00,14.348319731765606,0.0,0.2886982127051531,3.416988182345492
2025-02-23 22:00:00,12.736571740115815,0.0,0.1527301071749438,3.5718165497448875
2025-02-23 23:00:00,12.165791954993866,0.0,0.1292535996245363,3.080364540952391
2025-02-24 00:00:00,13.716163545380187,0.0,0.0990804321739573,2.423470157246284
2025-02-24 01:00:00,12.004359525748352,0.0,0.1001602528229516,2.77174951222189
2025-02-24 02:00:00,13.140561080653072,0.0,0.1079460038294521,2.694722862242915
2025-02-24 03:00:00,13.698775186632911,0.0,0.1097362224942784,2.7235707424493296
2025-02-24 04:00:00,12.835413140433962,0.0,0.0949643038109228,3.058403917850824
2025-02-24 05:00:00,16.04915520989576,0.0,0.0984938598537006,2.8027072645554645
2025-02-24 06:00:00,15.07510918585542,0.0,0.0923387916938933,2.985656161015803
2025-02-24 07:00:00,14.98038821696683,1.0874355627667367,0.138719374451923,3.591370791091374
2025-02-24 08:00:00,17.64231358625414,2.4672165193767204,0.1530989477938063,4.131543155729711
2025-02-24 09:00:00,16.11116719177162,3.3156856775434917,0.137264144514034,3.695394302800169
2025-02-24 10:00:00,17.97789676830554,4.177077131573889,0.1458537309942813,3.3869129158107425
2025-02-24 11:00:00,18.22164780479943,4.400942259509207,0.1400482604010076,2.7693886320237096
2025-02-24 12:00:00,19.9663921696459,4.779516701424064,0.1554968318629025,2.266256505307917
2025-02-24 13:00:00,18.947373649085662,3.879351687342609,0.1680143009926648,2.18083425928592
2025-02-24 14:00:00,17.898084594134133,4.1728398529567325,0.1369841201719666,2.185747332783696
2025-02-24 15:00:00,18.68551861325861,2.856809584194544,0.1314698151710243,2.0595133494972857
2025-02-24 16:00:00,18.922860144424504,2.444956688181431,0.1487511311464993,2.8172519639166973
2025-02-24 17:00:00,16.95072141573389,1.292015031427663,0.3001569779595776,3.70874853063774
2025-02-24 18:00:00,15.353077750663603,5.25871597287759e-16,0.3021865930675729,4.007383097007804
2025-02-24 19:00:00,12.593337337065732,0.0,0.2955367948476565,4.731190524301249
2025-02-24 20:00:00,12.239878326285478,0.0,0.2979936070117456,4.671207668941271
2025-02-24 21:00:00,12.758391420806891,0.0,0.303675104105406,3.787697034715695
2025-02-24 22:00:00,11.825204306306292,0.0,0.1604043089264483,3.463854229890056
2025-02-24 23:00:00,12.15931438755316,0.0,0.1304495122968171,2.901093011388415
2025-02-25 00:00:00,12.547179627749111,0.0,0.0963106056096853,2.4904085172740795
2025-02-25 01:00:00,13.35896639307134,0.0,0.1021380879394106,2.302684212778118
2025-02-25 02:00:00,12.758380361961498,0.0,0.0908202389538926,2.4655681590969403
2025-02-25 03:00:00,14.070636862583113,0.0,0.117311696317673,2.821320113099949
2025-02-25 04:00:00,14.05891636261863,0.0,0.0936459011977126,2.4928375558610045
2025-02-25 05:00:00,11.72254775556508,0.0,0.0995870731299271,3.2655648203316128
2025-02-25 06:00:00,14.05320164967532,0.0,0.1055602209684229,3.2828381323804963
2025-02-25 07:00:00,16.02253054212859,1.191382918553775,0.144087152111981,3.7968159910095887
2025-02-25 08:00:00,15.14766262614179,2.3412662297688605,0.1315342695219558,4.104524063210192
2025-02-25 09:00:00,18.4834181789574,3.235267497683661,0.1457134547308346,3.4966501501642075
2025-02-25 10:00:00,20.35640720027231,3.835680526761804,0.1602944055592704,2.971629978465659
2025-02-25 11:00:00,20.18812499681663,4.13022416171771,0.1466310487321486,2.444089908215693
2025-02-25 12:00:00,18.142040434008138,4.768581330913203,0.1415356569854102,1.9795211501585173
2025-02-25 13:00:00,20.596071424545585,4.0822656890735365,0.1592567220950272,2.509258621554136
2025-02-25 14:00:00,18.283282137559933,4.063698032687027,0.1466922510397694,2.02889888850465
2025-02-25 15:00:00,17.077896127286035,2.993418345914927,0.1448983918634978,2.6504560067988296
2025-02-25 16:00:00,16.04210074509204,2.3126650849772266,0.1514945608966331,3.260503538536687
2025-02-25 17:00:00,15.78495734597882,1.2286342641252654,0.3077075020961878,3.4954492091188434
2025-02-25 18:00:00,14.879939512591609,5.166434460567877e-16,0.3238171353173255,4.391690190003877
2025-02-25 19:00:00,14.94137193865912,0.0,0.3082723610765742,4.519878412965452
2025-02-25 20:00:00,14.203065711978248,0.0,0.3115983996638834,4.610899740555852
2025-02-25 21:00:00,13.345453427073933,0.0,0.2949403380101214,3.8053163885408026
2025-02-25 22:00:00,13.519535783669658,0.0,0.1397413189403052,3.0936222220192424
2025-02-25 23:00:00,14.350396673715755,0.0,0.1506233134961912,2.740647484055433
2025-02-26 00:00:00,14.01016593708527,0.0,0.1010716991525959,2.521053989998488
2025-02-26 01:00:00,10.460710302381225,0.0,0.089214872586354,2.919638545808556
2025-02-26 02:00:00,9.156876820217036,0.0,0.0982470547009598,2.999150697126971
2025-02-26 03:00:00,14.865994257222551,0.0,0.1039931760171913,2.0601465977882
2025-02-26 04:00:00,12.035516686300154,0.0,0.1036039339501808,3.0128375220631014
2025-02-26 05:00:00,14.472229495776697,0.0,0.1050428785338427,3.304780063510521
2025-02-26 06:00:00,13.830665194834246,0.0,0.1029096473013744,3.502966505320217
2025-02-26 07:00:00,13.65932121286082,1.056395483203323,0.1449299134072994,3.966455026925036
2025-02-26 08:00:00,17.898028826230465,2.129295795567392,0.1448609937335115,3.626736721109848
2025-02-26 09:00:00,18.845887817936894,2.848121633102013,0.1380104860200612,3.403245487712898
2025-02-26 10:00:00,17.319145344186524,4.010888686818223,0.1678477503918509,3.178438819916344
2025-02-26 11:00:00,14.597048774573125,4.275572490278182,0.1501345036461929,2.977730698872231
2025-02-26 12:00:00,17.76646806154456,4.548145202728023,0.1477514694420514,2.1833844896807646
2025-02-26 13:00:00,19.07131822089431,4.032399532502246,0.1407120791854754,1.9613550633279455
2025-02-26 14:00:00,15.965543592115408,3.720386270423349,0.1793565790232777,2.375173529945177
2025-02-26 15:00:00,17.98219495715166,3.297821912432151,0.139266719677771,2.4720367770985194
2025-02-26 16:00:00,17.06286996016379,2.4826513618152,0.1457115207439392,2.8628815259788025
2025-02-26 17:00:00,17.23122911863248,1.048325001610958,0.3041583683628606,3.4958204324077564
2025-02-26 18:00:00,15.765205286544514,5.988993505135805e-16,0.3060021296574428,4.165685818406419
2025-02-26 19:00:00,13.349774187293388,0.0,0.3095793205521568,4.724663388715606
2025-02-26 20:00:00,15.880691986420022,0.0,0.3180760850776926,4.320550814314282
2025-02-26 21:00:00,13.226720030823188,0.0,0.3050615765546071,3.929035173072005
2025-02-26 22:00:00,12.94680171330507,0.0,0.1394396920003333,3.157967800889404
2025-02-26 23:00:00,11.288155316446286,0.0,0.1474305487487821,3.1401935786528337
2025-02-27 00:00:00,12.04347879043554,0.0,0.1030783237251388,2.724098252570909
2025-02-27 01:00:00,11.48342061731525,0.0,0.1206822604150582,2.418117011364044
2025-02-27 02:00:00,12.850906865984356,0.0,0.086021945215757,2.9122875749102994
2025-02-27 03:00:00,16.15464454387668,0.0,0.1120257650522522,2.315823637687246
2025-02-27 04:00:00,12.150550452825772,0.0,0.1017991436954641,2.981207437770262
2025-02-27 05:00:00,12.511602935100132,0.0,0.1083783053522948,3.4186916474805216
2025-02-27 06:00:00,17.915157658463222,0.0,0.0989800528336406,2.7939485960316697
2025-02-27 07:00:00,16.17087378680257,1.1712779035896634,0.1415756736987367,3.658050000418129
2025-02-27 08:00:00,16.204793059232934,2.3489163927525847,0.1575087277940133,3.693463127298144
2025-02-27 09:00:00,19.389579541876564,3.4650099826360545,0.1565443102710562,3.2870187803332342
2025-02-27 10:00:00,17.398055068970827,4.150159314490353,0.1597205696573972,2.8281979820077328
2025-02-27 11:00:00,21.345194216410416,4.517017928510991,0.1498669536462136,2.823422458321178
2025-02-27 12:00:00,19.72529097423171,4.679633182395143,0.1440017797668015,2.142796082981653
2025-02-27 13:00:00,17.874312533871457,4.77739634855016,0.1344121300497615,2.275528190644262
2025-02-27 14:00:00,21.54244069847438,3.72029279862136,0.158193732681394,1.8058320145607736
2025-02-27 15:00:00,16.921150126277443,2.8292134940936324,0.1542388948244398,2.7725339634512496
2025-02-27 16:00:00,18.32154522523677,2.135977279699099,0.1403421736713604,3.024084744614464
2025-02-27 17:00:00,16.933798173140108,1.091670619221149,0.2946142632670337,3.488131231300016
2025-02-27 18:00:00,17.661014101321005,5.709100802814288e-16,0.2953324118804856,3.804970240665572
2025-02-27 19:00:00,17.274211827005523,0.0,0.2851701556801758,4.167094986818826
2025-02-27 20:00:00,14.256408390821456,0.0,0.2918231760339486,4.716663984194372
2025-02-27 21:00:00,12.45695501814389,0.0,0.2886616964319364,3.653158151117053
2025-02-27 22:00:00,13.800284170278166,0.0,0.1458752098811206,3.47351069659699
2025-02-27 23:00:00,11.794051633727443,0.0,0.1426130250167043,2.966183379512153
2025-02-28 00:00:00,15.849951592216245,0.0,0.0837299507913325,2.2545253236159586
2025-02-28 01:00:00,13.13689623868321,0.0,0.1202259023056948,2.5372776642195736
2025-02-28 02:00:00,12.683812182604829,0.0,0.1125254073102923,2.568942381335795
2025-02-28 03:00:00,13.98557083616403,0.0,0.0922098057848001,2.545543874300125
2025-02-28 04:00:00,12.309181286631764,0.0,0.1027242139665361,2.6590669417419286
2025-02-28 05:00:00,13.595992527852768,0.0,0.1041746508982129,3.2212956910705457
2025-02-28 06:00:00,17.630491582842946,0.0,0.1119108585477347,2.595308388894852
2025-02-28 07:00:00,15.62098643777678,1.2034537021926512,0.1418139497333992,3.717180998690087
2025-02-28 08:00:00,15.7595042469034,2.051717057430241,0.1609210678398242,3.703563438891161
2025-02-28 09:00:00,18.75617019327688,3.1127032960294203,0.1445209469579306,3.089651174974928
2025-02-28 10:00:00,20.20650316427412,4.095381480243129,0.1366413759583138,2.950879741964847
2025-02-28 11:00:00,19.806078165791117,4.616952436901171,0.1572413655931449,2.178911598242577
2025-02-28 12:00:00,20.32394224963503,4.118218622291089,0.1629075842412242,2.2258388553406947
2025-02-28 13:00:00,17.59245556693932,3.863732977282382,0.1758790897353068,1.8848827957346672
2025-02-28 14:00:00,16.29523093216686,4.080830387846364,0.1380027473490978,2.477660197058704
2025-02-28 15:00:00,20.20319154241918,3.080578698931228,0.1569891968508079,2.22220280594051
2025-02-28 16:00:00,16.845850962663103,2.12724066580913,0.1459019875620646,2.861941594497618
2025-02-28 17:00:00,16.2300783315513,1.0386142912252476,0.3078335871052403,3.611880667819845
2025-02-28 18:00:00,17.822161933699896,5.560263135661098e-16,0.2852951044876874,3.6765125716392415
2025-02-28 19:00:00,15.887758599719737,0.0,0.2873723022430143,4.2418765730367465
2025-02-28 20:00:00,15.01370237904872,0.0,0.2922412517683351,3.865264473182071
2025-02-28 21:00:00,16.95605389471829,0.0,0.3007896404566808,3.5920887464280526
2025-02-28 22:00:00,12.266517164002778,0.0,0.1435891873346164,3.8541400209453656
2025-02-28 23:00:00,14.32385343418096,0.0,0.1565905434391342,3.403372397470504
2025-03-01 00:00:00,13.035724088625445,0.0,0.1102689461825791,2.6144499326400887
2025-03-01 01:00:00,13.455315340707498,0.0,0.1059957754124535,2.7062842239518288
2025-03-01 02:00:00,15.6448308295453,0.0,0.1161878763966086,1.943158660680992
2025-03-01 03:00:00,14.59063769215461,0.0,0.1041582662945534,2.7755757426529195
2025-03-01 04:00:00,15.257648519854268,0.0,0.0878310328965983,2.687330803755608
2025-03-01 05:00:00,16.78250827193696,0.0,0.1136337651353834,2.536291025564603
2025-03-01 06:00:00,15.40277530696549,0.0,0.09394843764394,3.4688992042976685
2025-03-01 07:00:00,15.46784703557887,1.0602897041345305,0.1591041849968557,3.576709609059099
2025-03-01 08:00:00,15.882990610248266,2.088448475411992,0.165737342165551,3.66244720919378
2025-03-01 09:00:00,15.12198986077546,3.526579217788464,0.154566880107304,3.764264355528861
2025-03-01 10:00:00,21.63259130754362,3.848706577329914,0.1350384118683535,2.697732167879044
2025-03-01 11:00:00,17.1931693315645,4.377451980697458,0.140817878334902,2.791446448676122
2025-03-01 12:00:00,18.61832396590116,4.873618528737216,0.1632274446688513,2.006698128611399
2025-03-01 13:00:00,18.43276193031364,4.82534901799044,0.1483087731435718,1.9105418873650597
2025-03-01 14:00:00,19.009390659346785,3.96874713142251,0.1507957353494216,1.998895534373494
2025-03-01 15:00:00,19.295130563648407,3.4029328731430697,0.157588244161636,2.55897428016981
2025-03-01 16:00:00,18.740914633819436,2.1634705121683373,0.1569632286208032,2.6902874411191107
2025-03-01 17:00:00,15.85204537873397,1.1144085395224577,0.3027879981238546,3.3288555876958577
2025-03-01 18:00:00,15.6995218306002,5.391757019510132e-16,0.2979133162877953,3.964601806392493
2025-03-01 19:00:00,15.597617191704703,0.0,0.2968733155426764,4.281877867796115
2025-03-01 20:00:00,14.0771677120045,0.0,0.3085789882529134,4.044220236743471
2025-03-01 21:00:00,16.239902421750166,0.0,0.3055356953106779,3.321515580658128
2025-03-01 22:00:00,14.08859061738388,0.0,0.1474269999938221,3.7047677122493954
2025-03-01 23:00:00,14.15474360148734,0.0,0.1608211231299314,2.693110723048968
2025-03-02 00:00:00,14.063689453817954,0.0,0.0987096588487021,2.4082519857290983
2025-03-02 01:00:00,14.931800858177615,0.0,0.091483378256656,2.2980177335361205
2025-03-02 02:00:00,13.74282367751908,0.0,0.0924102930109665,2.443253291951548
2025-03-02 03:00:00,12.002799285323425,0.0,0.0902125916369023,2.9098388342053645
2025-03-02 04:00:00,15.168899478445798,0.0,0.0972758998339631,2.732363577874213
2025-03-02 05:00:00,14.315875074821529,0.0,0.1123372427833619,2.8678828119023825
2025-03-02 06:00:00,15.2764425281922,0.0,0.0919490481896949,2.989327320374192
