timestamp,temperature,solar_generation,electricity_price,energy_demand
2025-01-01 00:00:00,5.915200508590541,0.0,0.10319524670782956,3.664982320027197
2025-01-01 01:00:00,5.064955348449709,0.0,0.11653617268492286,3.2541797888252466
2025-01-01 02:00:00,6.543585874871415,0.0,0.10139887232839127,2.998322011528055
2025-01-01 03:00:00,8.333353720126087,0.0,0.1099611821491113,3.1084798999111953
2025-01-01 04:00:00,6.3188992169886875,0.0,0.08609778074846539,3.277950427342799
2025-01-01 05:00:00,7.042466708342358,0.0,0.1015776143929377,3.716916432681074
2025-01-01 06:00:00,10.53894850233478,0.0,0.08902631681028934,3.9056222000214103
2025-01-01 07:00:00,10.097738508110618,1.1246184981893848,0.135230750724681,4.093868074973905
2025-01-01 08:00:00,8.965917700171264,2.458742921565995,0.14260628592540964,4.2987356796496625
2025-01-01 09:00:00,11.105289688012281,3.033844830671698,0.16191899334413573,4.1650688235180136
2025-01-01 10:00:00,10.073078951208315,3.8711233948431802,0.15950015828669645,4.034142290623144
2025-01-01 11:00:00,10.369312127585511,4.72351361880941,0.15243004722054398,3.0669896725702888
2025-01-01 12:00:00,11.533072686422743,4.707721350267527,0.1346729944011007,3.1579738482872353
2025-01-01 13:00:00,8.197986390954199,3.9237870077872596,0.14803719348612063,3.460255719162858
2025-01-01 14:00:00,8.180828741657457,3.591669793538127,0.15301700008901736,3.5499510634875917
2025-01-01 15:00:00,9.448018328771875,2.8339719667563026,0.15175536229578598,3.6770081161882975
2025-01-01 16:00:00,8.150882598572055,2.3154608951145814,0.13156206416519253,4.435939386526329
2025-01-01 17:00:00,9.417957413274165,1.1511425888925833,0.29109682151980126,4.299326890700657
2025-01-01 18:00:00,6.808093165791875,5.063026462952873e-16,0.2993592223585128,5.174623562172224
2025-01-01 19:00:00,5.275216591763192,0.0,0.3053629090951719,5.443686727275588
2025-01-01 20:00:00,8.868602432456024,0.0,0.2780387217890005,4.905837935973327
2025-01-01 21:00:00,5.710144484784246,0.0,0.2983787602452014,5.1219974260281695
2025-01-01 22:00:00,5.6733453747522615,0.0,0.15143048769878953,4.023334977759139
2025-01-01 23:00:00,3.135229520886301,0.0,0.15849611988516213,4.015355559050755
2025-01-02 00:00:00,4.475023745989418,0.0,0.10692857584237438,3.898936531724036
2025-01-02 01:00:00,5.560204238474786,0.0,0.10582571318808806,3.700064029440735
2025-01-02 02:00:00,3.967031255290422,0.0,0.09200059493298066,3.627993414809659
2025-01-02 03:00:00,6.733824516736058,0.0,0.08091997862876693,3.5887268586661722
2025-01-02 04:00:00,5.890639797898985,0.0,0.096069472429386,3.724369317943827
2025-01-02 05:00:00,7.077600072779715,0.0,0.1100163182520856,4.097721620253916
2025-01-02 06:00:00,7.389037914433097,0.0,0.11393454527524433,4.198013450109109
2025-01-02 07:00:00,11.846472244848162,1.0781753801490888,0.15710549102297786,4.267296222050369
2025-01-02 08:00:00,9.771351995670292,2.222770819370945,0.15429340822801735,5.015851261644572
2025-01-02 09:00:00,8.826351782902984,2.9763435858618,0.15379639648385965,4.5442937707975535
2025-01-02 10:00:00,12.123491412285292,3.5073847236135065,0.14443881253239219,3.6254497315298417
2025-01-02 11:00:00,9.358109836687865,4.678606304004026,0.1486993970644638,3.6718180322255245
2025-01-02 12:00:00,11.604893225284325,4.981192529164116,0.1666906952582633,2.9122527323218717
2025-01-02 13:00:00,8.249870125824735,4.629820491086861,0.14057441994208122,3.768161971335674
2025-01-02 14:00:00,8.897394970782862,4.203501046702105,0.1661477879070985,3.3091603031004135
2025-01-02 15:00:00,10.70821003014052,2.999530794485434,0.14677971845507942,3.2275024050046204
2025-01-02 16:00:00,10.899297702770308,2.4803134877565993,0.16325432109095078,3.498588988086608
2025-01-02 17:00:00,9.32510738986971,1.0862443031928617,0.2859318499050246,4.60113134155429
2025-01-02 18:00:00,8.118125409194832,6.063752668462405e-16,0.3058590420116465,5.1689428595138445
2025-01-02 19:00:00,7.063485154085697,0.0,0.29263229864052376,5.212911312163673
2025-01-02 20:00:00,4.5738148472260525,0.0,0.28584732808075813,5.536107346274246
2025-01-02 21:00:00,5.090511176625488,0.0,0.30218534042410944,4.588067558237387
2025-01-02 22:00:00,5.0025634649841955,0.0,0.1600947178859597,4.409825818732073
2025-01-02 23:00:00,6.979503693238361,0.0,0.14155058561406503,3.816803863216962
2025-01-03 00:00:00,5.929592700429407,0.0,0.085009840395416,3.7904180318021705
2025-01-03 01:00:00,2.8718275541654092,0.0,0.09908155235665045,3.6644981696317043
2025-01-03 02:00:00,6.302215008815591,0.0,0.09912564671222819,3.16472716798959
2025-01-03 03:00:00,5.715221501892597,0.0,0.10548319627554499,3.360993228038235
2025-01-03 04:00:00,5.898782265617777,0.0,0.10949594571364489,3.387835353256181
2025-01-03 05:00:00,8.555222564030455,0.0,0.09940584818727506,3.887683471055426
2025-01-03 06:00:00,9.960664549820642,0.0,0.11855503314794263,4.184244194102056
2025-01-03 07:00:00,10.587542580058576,1.2702576792658546,0.15224234744535292,4.277284674640368
2025-01-03 08:00:00,8.655338981242757,2.47185079641011,0.146535734939931,4.865629430414382
2025-01-03 09:00:00,10.071667045859535,3.5073455214799263,0.13388432640897172,4.302027784349321
2025-01-03 10:00:00,11.509136624535376,3.9156989093188046,0.1473734047968383,3.6702843433607097
2025-01-03 11:00:00,12.775260435627459,4.807710253721807,0.14663613054588864,3.050663039497825
2025-01-03 12:00:00,10.69540390930878,4.757310207134439,0.1596030479628147,3.0323694236042007
2025-01-03 13:00:00,11.033454279948195,4.019865920790801,0.15462483624066853,2.6469780204741067
2025-01-03 14:00:00,9.352739016420989,3.8771092224065207,0.13820630878367382,3.27135576280611
2025-01-03 15:00:00,8.74117567351535,3.3363639699894376,0.15172254386411038,3.5100664098019347
2025-01-03 16:00:00,11.132953999668011,2.1236701579095416,0.15671531171729053,3.786760178278466
2025-01-03 17:00:00,11.224982444240514,1.2010795904943832,0.3152803135938783,4.172406995996228
2025-01-03 18:00:00,8.306150083706214,5.714937339563949e-16,0.3088750396741406,4.9404016756931135
2025-01-03 19:00:00,9.143007477607188,0.0,0.30760846654311474,4.888600901622387
2025-01-03 20:00:00,7.456619303648167,0.0,0.3006008599461516,5.08931118984346
2025-01-03 21:00:00,5.3251652906093865,0.0,0.3038831200542345,5.009267704365123
2025-01-03 22:00:00,6.3581824629860195,0.0,0.16249504900706158,3.98148962574045
2025-01-03 23:00:00,7.823442636908464,0.0,0.13667222602520349,3.6424746702973585
2025-01-04 00:00:00,5.484056200931622,0.0,0.09650560672783044,3.549025040135956
2025-01-04 01:00:00,7.986983264450354,0.0,0.0922743125124376,3.0612302882195963
2025-01-04 02:00:00,2.0101013921086173,0.0,0.10379153118726124,3.817880066773291
2025-01-04 03:00:00,7.649328672599743,0.0,0.11230222175650788,3.3541081294916286
2025-01-04 04:00:00,7.168365861953807,0.0,0.09403025713278927,3.276114818100317
2025-01-04 05:00:00,7.312827098590186,0.0,0.07609695632530562,3.8394241984063404
2025-01-04 06:00:00,8.675436424399804,0.0,0.0958777925497553,3.849672835415909
2025-01-04 07:00:00,6.332899023002773,1.2547656242474854,0.15913473732017405,4.936369324503942
2025-01-04 08:00:00,9.70828742784028,2.364430721134973,0.1553762990294988,4.962582176763309
2025-01-04 09:00:00,11.194784460423811,2.8958846006546577,0.15428186247810577,3.968310658145197
2025-01-04 10:00:00,13.35271253806214,3.8353684559657353,0.1472000669812552,3.574919135752586
2025-01-04 11:00:00,10.658167411053284,3.891879133207982,0.13720969263780214,3.225973345281074
2025-01-04 12:00:00,10.325054855256768,4.480890146603009,0.15515294321624468,3.3470803431255134
2025-01-04 13:00:00,10.68293717308695,4.50356542527061,0.14165718189965376,2.7455487027422194
2025-01-04 14:00:00,12.508974647502978,3.56672789758886,0.17184096733380455,2.935873886040346
2025-01-04 15:00:00,11.152242267645718,3.032699624031523,0.15570507208354514,3.054207407171229
2025-01-04 16:00:00,9.243154953945991,2.1989183127510783,0.14419351697446048,3.8230670011298593
2025-01-04 17:00:00,10.084153544574146,1.2732683221537056,0.2938861475261137,4.084396709639009
2025-01-04 18:00:00,8.68341158361861,6.114973771964201e-16,0.2990705579338641,5.092141130196594
2025-01-04 19:00:00,9.21430561008832,0.0,0.2976049807797825,4.88688766083826
2025-01-04 20:00:00,5.9847156187805215,0.0,0.3111683377552995,5.361901836529592
2025-01-04 21:00:00,5.9249816961402555,0.0,0.30186416169744046,4.72082268388572
2025-01-04 22:00:00,5.3515568185449975,0.0,0.1426836826109147,4.308058026930372
2025-01-04 23:00:00,3.4447453585311667,0.0,0.16890440685155783,4.179974774446512
2025-01-05 00:00:00,6.106631594698329,0.0,0.10049308331520224,3.2753424682462855
2025-01-05 01:00:00,6.156256608504094,0.0,0.10768839675968897,3.4666038663649776
2025-01-05 02:00:00,6.072045152711841,0.0,0.09391773492555242,3.754084989353387
2025-01-05 03:00:00,6.189250135479102,0.0,0.10363115627744524,3.3275764270263197
2025-01-05 04:00:00,5.039395066025843,0.0,0.10311109991143196,3.992637545924967
2025-01-05 05:00:00,7.255026059645864,0.0,0.08110350707903848,4.075995106727337
2025-01-05 06:00:00,8.14837940431131,0.0,0.12015275110460641,3.928759554752759
2025-01-05 07:00:00,8.235492410576597,1.1280831154162816,0.16290644460922546,4.204476458370329
2025-01-05 08:00:00,9.92052261160245,2.3283155368539377,0.14602804683854012,4.529940585668542
2025-01-05 09:00:00,11.389847807882916,2.998414826243063,0.13897730259544144,4.0075729122370936
2025-01-05 10:00:00,14.089806242270576,3.630025973330007,0.1534756161380355,3.753346962605239
2025-01-05 11:00:00,11.822095377216428,4.750654153684164,0.15086697699414395,3.2386118784178675
2025-01-05 12:00:00,12.048776765185611,4.101803682949537,0.15355668948563228,2.771602997567458
2025-01-05 13:00:00,11.44855978431942,4.352421115252626,0.1519157739619409,2.677293769009024
2025-01-05 14:00:00,8.382370567506218,3.655365735680212,0.15506240989305925,3.5529300157725805
2025-01-05 15:00:00,10.744000709487283,2.855954765805113,0.16447305699391807,3.163557392711274
2025-01-05 16:00:00,10.252796494013005,2.018009409145713,0.15568103205128644,3.7520726940335773
2025-01-05 17:00:00,13.133771483136957,1.080626912147686,0.2895034450109006,4.11580816106343
2025-01-05 18:00:00,8.373909731929782,5.960074736831003e-16,0.3136256285271245,4.867959587833937
2025-01-05 19:00:00,8.338315057294322,0.0,0.31640614563488284,5.150216832313425
2025-01-05 20:00:00,7.110383524543601,0.0,0.3315205673451208,5.113115154007152
2025-01-05 21:00:00,4.788113779112525,0.0,0.288765059667604,5.062731341884732
2025-01-05 22:00:00,7.7786091895206795,0.0,0.15242882013150275,4.157855083875128
2025-01-05 23:00:00,6.892573249264421,0.0,0.12917901296811013,3.69266149982753
2025-01-06 00:00:00,6.974644006916786,0.0,0.1055314915637921,3.3362757254111433
2025-01-06 01:00:00,4.526237425292902,0.0,0.09451799701833227,3.545776943337446
2025-01-06 02:00:00,8.294211341403049,0.0,0.11923445794824954,2.885835652455671
2025-01-06 03:00:00,4.563999148604151,0.0,0.09225385029981419,3.729745674097483
2025-01-06 04:00:00,8.168381727052621,0.0,0.08310816962032738,3.7612354701135975
2025-01-06 05:00:00,11.297322389759621,0.0,0.09528736259297481,3.114556192277917
2025-01-06 06:00:00,7.302291598656183,0.0,0.08024512228782862,4.038915147316443
2025-01-06 07:00:00,8.71510662725562,1.1438373096762828,0.15751099454507309,4.2637881190582085
2025-01-06 08:00:00,10.437573133983678,2.3901827515034406,0.1293491695374368,4.552420698693067
2025-01-06 09:00:00,10.15420294873756,3.165247351884864,0.15028457581183158,4.3550288907271995
2025-01-06 10:00:00,9.060177151106332,3.8949837664914324,0.12922188180143804,3.9514742712290567
2025-01-06 11:00:00,11.788718027428462,4.061409108622367,0.14679702195463357,3.0520518399646637
2025-01-06 12:00:00,10.194640515763059,4.591130303258517,0.16643378155804534,3.173014587433185
2025-01-06 13:00:00,12.396262211172193,4.043496775995734,0.15360647891435794,2.4800769545218726
2025-01-06 14:00:00,10.007035946354828,3.7512450675280875,0.14136506395035064,3.1686744918640803
2025-01-06 15:00:00,13.234318037438166,3.4330247784309473,0.14968796511060917,3.1532609853915923
2025-01-06 16:00:00,9.11321614784786,2.1035379046054277,0.15018016872044446,3.6298167483545734
2025-01-06 17:00:00,9.081460947351266,1.0536932998298048,0.30472630345843404,4.104421220969284
2025-01-06 18:00:00,10.00837191240672,4.983097123999563e-16,0.2863314163671917,5.084563374901843
2025-01-06 19:00:00,6.16534247639372,0.0,0.3059256727384733,5.297807379868612
2025-01-06 20:00:00,7.6292859882584105,0.0,0.27295608368397223,5.281350109514644
2025-01-06 21:00:00,8.627489874216216,0.0,0.29370115447636186,4.434541775129505
2025-01-06 22:00:00,3.778795023157058,0.0,0.14511726157548455,4.487292953348431
2025-01-06 23:00:00,6.1672693952834665,0.0,0.15633326826071237,3.9114032484555397
2025-01-07 00:00:00,6.3045169414237785,0.0,0.1002263085267687,3.2271613896217124
2025-01-07 01:00:00,7.189649578849904,0.0,0.08594436946143713,3.327022715914432
2025-01-07 02:00:00,4.4611904723807045,0.0,0.09015006874182985,3.5650227551574227
2025-01-07 03:00:00,4.812687486865086,0.0,0.10198680009547408,3.384284213345538
2025-01-07 04:00:00,8.19760509847649,0.0,0.09920932658135444,3.4467867283213995
2025-01-07 05:00:00,8.58371262459336,0.0,0.09420875890364254,3.564271630860498
2025-01-07 06:00:00,9.290432025569958,0.0,0.09519166210488021,3.923539272318389
2025-01-07 07:00:00,10.210822199604168,1.1083854240709594,0.15696167997159288,4.0164156160223
2025-01-07 08:00:00,9.394655667683407,2.2126140927188467,0.14482307427130786,4.850932512457035
2025-01-07 09:00:00,11.384393639352293,2.8549938975438307,0.14911908755970926,4.293051754291366
2025-01-07 10:00:00,11.952377671352481,3.574837513297023,0.17169936588080542,3.8289489241172054
2025-01-07 11:00:00,10.740943101878797,4.603164682711218,0.13576317363116075,3.3002997028700807
2025-01-07 12:00:00,14.713354516768279,4.000011634755366,0.13148157268425342,2.26645697108389
2025-01-07 13:00:00,12.52321961028603,4.266074997236822,0.15783589664798606,3.168349968593275
2025-01-07 14:00:00,9.725813715600486,3.916608705693882,0.14321356938705895,3.161516344581929
2025-01-07 15:00:00,12.020843506561532,2.8670594936150717,0.1468176247225738,2.974813092675191
2025-01-07 16:00:00,8.952670244710161,2.4865390814861663,0.14218843621868885,3.9826823989544557
2025-01-07 17:00:00,10.871776790972385,1.0938017227176153,0.29740199859232486,4.429511132701341
2025-01-07 18:00:00,10.65258611856225,5.2711231848967085e-16,0.3159853811209634,4.686759980607114
2025-01-07 19:00:00,6.907212137216015,0.0,0.30802128458618117,5.586849982058729
2025-01-07 20:00:00,8.859756943917628,0.0,0.30862223511886977,5.123104013350147
2025-01-07 21:00:00,7.412543796896249,0.0,0.28583772944207353,4.395858599967055
2025-01-07 22:00:00,7.549706778689562,0.0,0.1384884626344713,3.9324164849409016
2025-01-07 23:00:00,8.86210474516486,0.0,0.12160921340514572,3.6918478992263966
2025-01-08 00:00:00,5.67412148287031,0.0,0.09190619178917246,2.9370861032353295
2025-01-08 01:00:00,5.013821931471176,0.0,0.10956703186385659,3.5317314662677526
2025-01-08 02:00:00,5.109855801083015,0.0,0.10516946515748371,3.2773145583530296
2025-01-08 03:00:00,5.697167885866816,0.0,0.09778486737047877,3.446934493859632
2025-01-08 04:00:00,7.42655109275346,0.0,0.09977699716281947,3.4120527762570427
2025-01-08 05:00:00,8.777474483792018,0.0,0.09311114457424595,3.522032893550741
2025-01-08 06:00:00,9.457239855869645,0.0,0.10204758882401785,3.8244750479488467
2025-01-08 07:00:00,11.059435665736215,1.2197161533623255,0.15765878279480613,3.937185458843523
2025-01-08 08:00:00,10.561706494691476,2.4083897332528177,0.13384113212589527,4.850988593027243
2025-01-08 09:00:00,13.343825116170233,2.956847592905079,0.15299647687837348,4.2560695406282605
2025-01-08 10:00:00,11.243294618370998,3.78534595150779,0.15932434870954668,3.4887945495893313
2025-01-08 11:00:00,16.020234885626248,4.734910634964521,0.1458489971103663,3.0442969795694363
2025-01-08 12:00:00,12.980704678522125,4.80669351969474,0.15700700612120583,2.740318431479542
2025-01-08 13:00:00,10.654244801117397,4.81500347162235,0.17814654444472552,3.0278809638619513
2025-01-08 14:00:00,10.033941121136262,4.117299768782639,0.14895657207013108,3.124105765539426
2025-01-08 15:00:00,11.887232623299036,3.106458117723042,0.15393307050005323,3.008656629619908
2025-01-08 16:00:00,10.207009478885839,2.2953189169973185,0.14261942916338607,3.9455718446779806
2025-01-08 17:00:00,10.889661533320316,1.2063592584935305,0.3018125116260205,4.219118112134262
2025-01-08 18:00:00,9.752060093734933,4.994667860916672e-16,0.30460271624982305,4.704122930159637
2025-01-08 19:00:00,8.156503152581744,0.0,0.3019484234027014,4.920302137866871
2025-01-08 20:00:00,6.272013079772009,0.0,0.2898030468029114,5.038314286600423
2025-01-08 21:00:00,4.648612476286177,0.0,0.3020636177132545,4.614530572800256
2025-01-08 22:00:00,5.774355017420768,0.0,0.16462195938717636,4.282661427108086
2025-01-08 23:00:00,7.42902436949262,0.0,0.15448635764514526,3.4329769931942327
2025-01-09 00:00:00,6.491731638784334,0.0,0.10961987189071842,3.328383294784026
2025-01-09 01:00:00,4.404205375653841,0.0,0.09762988029987373,3.9087969623209045
2025-01-09 02:00:00,6.832286200012485,0.0,0.10749900239423711,3.5966490653907446
2025-01-09 03:00:00,7.62724674862264,0.0,0.10279267838216527,3.3041804117951146
2025-01-09 04:00:00,6.344804868287328,0.0,0.09049089270312768,3.584209395770189
2025-01-09 05:00:00,8.624721546199758,0.0,0.10318521004798875,3.9879870315275148
2025-01-09 06:00:00,9.257904100258028,0.0,0.09008303336559689,4.062998813116504
2025-01-09 07:00:00,8.232592711150655,1.0618092643375323,0.14367119725115207,4.430274051344249
2025-01-09 08:00:00,11.207272063111452,2.2569272321033838,0.15189328307292374,4.0299348480290185
2025-01-09 09:00:00,12.133088155701023,3.188267087486416,0.15297244273380123,4.106640218685245
2025-01-09 10:00:00,13.393244098705258,3.783908143273497,0.13810767534922871,3.629078530517049
2025-01-09 11:00:00,13.649071579508586,4.764839523899499,0.16053985771182877,2.8860829211401136
2025-01-09 12:00:00,10.104086970653391,4.827506319873222,0.15572006278300474,3.2236462055459674
2025-01-09 13:00:00,10.661630941583548,4.53715585347383,0.14295271564389114,2.928442473356665
2025-01-09 14:00:00,12.541220134755333,4.082726628284136,0.13462415203550823,2.7990805960447203
2025-01-09 15:00:00,12.062590292516985,3.15490974101975,0.14855095420918568,2.6219990260520807
2025-01-09 16:00:00,11.443162552048099,2.4604972605482875,0.1455405628613884,3.5561067264340536
2025-01-09 17:00:00,15.726145393878673,1.2150507056243571,0.3011314045705302,3.8074366032335383
2025-01-09 18:00:00,10.026926788628778,5.791331520385249e-16,0.29636883338844433,4.640168700302912
2025-01-09 19:00:00,10.097482347552363,0.0,0.2799254313925499,4.958807796873555
2025-01-09 20:00:00,9.101593667828832,0.0,0.2961165306169884,4.726293477439045
2025-01-09 21:00:00,8.026357555988083,0.0,0.2969438088893169,4.609565521615001
2025-01-09 22:00:00,6.099610944275193,0.0,0.1563366102477406,4.197881366695286
2025-01-09 23:00:00,7.4112673744617235,0.0,0.1430180032538895,3.486592642918418
2025-01-10 00:00:00,5.140578981440736,0.0,0.11678674673372566,3.8101440097019914
2025-01-10 01:00:00,6.046811414269875,0.0,0.08088359449348244,3.6234502696713493
2025-01-10 02:00:00,5.973695270150122,0.0,0.11311167497802625,3.3388387096042758
2025-01-10 03:00:00,7.301307668766935,0.0,0.09775681029121895,3.4493061420818782
2025-01-10 04:00:00,11.271804653257357,0.0,0.10859584872343557,3.1178687673664918
2025-01-10 05:00:00,5.722461879051909,0.0,0.10079801484058734,4.08874352870329
2025-01-10 06:00:00,10.329207088808865,0.0,0.1113955553602547,3.491440051219646
2025-01-10 07:00:00,7.657200131770179,1.1637173969548635,0.14612638035447187,4.766203761051735
2025-01-10 08:00:00,10.091919004562943,2.190258854934947,0.13901379574822187,4.335041045893783
2025-01-10 09:00:00,13.054563042257785,2.9437105170635522,0.16420504287271062,3.845723001977231
2025-01-10 10:00:00,11.994313043243604,4.144975682594746,0.14886519354117858,4.158661853107915
2025-01-10 11:00:00,10.580977115220339,4.5731216671093815,0.1522155847362421,3.4409592379016343
2025-01-10 12:00:00,11.226861239357142,4.384355038524135,0.16234751914044795,2.953408247184475
2025-01-10 13:00:00,13.216990905516312,3.888038274351884,0.13968044757905565,2.253455062116558
2025-01-10 14:00:00,10.802343067024704,4.190694614648811,0.15595490897639258,3.3225051508014674
2025-01-10 15:00:00,11.745825031179697,2.8365008582740416,0.14410105243537108,2.8885333347633013
2025-01-10 16:00:00,10.868174563102814,2.3518498898145253,0.14867830644355629,3.4687737851508142
2025-01-10 17:00:00,9.098873417145931,1.286397199053314,0.30072278965384286,4.342564920142286
2025-01-10 18:00:00,12.515732937235082,5.43456774121669e-16,0.2849977813855306,4.751074831923526
2025-01-10 19:00:00,9.474238201416547,0.0,0.29221162957179564,5.177739818099942
2025-01-10 20:00:00,4.7621029232606835,0.0,0.3135107289241314,5.366655006157554
2025-01-10 21:00:00,7.458177931841593,0.0,0.30886191188584794,4.66731715398179
2025-01-10 22:00:00,5.709060894741196,0.0,0.14937360422672766,4.16797487357238
2025-01-10 23:00:00,7.680689326574225,0.0,0.15243123458512892,3.6700410547143894
2025-01-11 00:00:00,5.241061598812033,0.0,0.09705757494363543,3.546243151040038
2025-01-11 01:00:00,6.35996056539353,0.0,0.11356583385827983,3.5938399479663383
2025-01-11 02:00:00,7.589247413578454,0.0,0.09799647422205837,3.459389429666301
2025-01-11 03:00:00,8.607155154156624,0.0,0.10231842092134849,3.2918422583926894
2025-01-11 04:00:00,6.12939809587742,0.0,0.11146030144142066,3.5550056421787875
2025-01-11 05:00:00,8.151633717392098,0.0,0.09222628515154094,3.817147119978258
2025-01-11 06:00:00,8.71742473971965,0.0,0.11558789184496894,4.005311419068758
2025-01-11 07:00:00,9.22630599290808,1.1379118257146141,0.13469538590256622,4.160206875766035
2025-01-11 08:00:00,13.57802406688273,2.0658575142895463,0.16629642131112798,3.9499906726183682
2025-01-11 09:00:00,12.15863561646216,3.4402836236026424,0.14627324416048024,4.041705276517824
2025-01-11 10:00:00,10.136592986311832,3.600304208756066,0.14757301252174718,4.036055066220637
2025-01-11 11:00:00,13.704413105910453,4.162935399037144,0.13109989828817056,2.9690666084431876
2025-01-11 12:00:00,15.613077001980034,4.290045531962437,0.14545205282622306,2.2624871085112424
2025-01-11 13:00:00,13.876318076155009,4.705424626171965,0.13960193468973114,2.626743012850459
2025-01-11 14:00:00,9.74886396888338,4.046679497324517,0.14392353654626527,3.1936610238004657
2025-01-11 15:00:00,10.824811940721348,3.391765943145383,0.1486268903421112,3.3052643655605745
2025-01-11 16:00:00,12.830209430241018,2.1252339493962493,0.15957791614472905,3.617991684985016
2025-01-11 17:00:00,9.144795643340476,1.1970054981796652,0.30207603351400625,4.607109360834491
2025-01-11 18:00:00,10.095571848680427,5.598774084771762e-16,0.3030767665340111,4.639369629733692
2025-01-11 19:00:00,9.815336651297526,0.0,0.2890448061115444,4.858931315171283
2025-01-11 20:00:00,6.53944699909396,0.0,0.2911924591039727,4.976901476834518
2025-01-11 21:00:00,7.219234328808742,0.0,0.3179872501835131,4.774095107674063
2025-01-11 22:00:00,1.969865485004159,0.0,0.14264798965236752,5.0265194829825885
2025-01-11 23:00:00,4.995483765592445,0.0,0.16656208252057295,3.9013185985373484
2025-01-12 00:00:00,6.181777975659947,0.0,0.09756938801119135,3.370403723917662
2025-01-12 01:00:00,4.791177950935207,0.0,0.10002287936143504,3.881696393944862
2025-01-12 02:00:00,9.411170947293824,0.0,0.11070365160229931,3.1484345517756687
2025-01-12 03:00:00,5.2940977922490955,0.0,0.11271892421938658,3.6778608063406746
2025-01-12 04:00:00,7.400563472704212,0.0,0.09889187439720913,3.2367520072740477
2025-01-12 05:00:00,8.980283933371263,0.0,0.09611756946478461,3.705090249038617
2025-01-12 06:00:00,11.72254013634886,0.0,0.09944079551477787,3.477263996611911
2025-01-12 07:00:00,8.183294111288088,1.1399755720621312,0.15337957528232118,4.27494713811607
2025-01-12 08:00:00,12.805375830982126,2.034176600154979,0.15891303686869754,4.054011703955286
2025-01-12 09:00:00,11.697300137838711,3.382629024188403,0.1500422985899415,3.963001592506035
2025-01-12 10:00:00,10.686443437531077,3.7115755835779174,0.15618886298023152,3.7437099164643706
2025-01-12 11:00:00,13.151562893011798,4.281724010923733,0.1663835973227094,2.783917941517473
2025-01-12 12:00:00,12.859219746109892,4.685443883221902,0.15381309612264785,3.0265529827571154
2025-01-12 13:00:00,11.5580823658787,4.184831293455032,0.1531165285600478,3.119120220327538
2025-01-12 14:00:00,12.26340954158803,3.513106230850622,0.13481089174909933,2.4797558522364342
2025-01-12 15:00:00,11.10398015101669,3.0928292327173246,0.12369269863170936,3.430288215677893
2025-01-12 16:00:00,11.23090622062656,2.4722242913471515,0.15388375729230166,3.4638280409835396
2025-01-12 17:00:00,11.33028334983882,1.201369264328339,0.2990517576871913,4.312461295433266
2025-01-12 18:00:00,11.939655426967715,5.720911986698898e-16,0.29485217325085256,4.523232476282269
2025-01-12 19:00:00,6.9274498192018505,0.0,0.3024353020418634,5.334461539448753
2025-01-12 20:00:00,11.260180264734089,0.0,0.2993959627080309,4.581433697264554
2025-01-12 21:00:00,4.511178159906292,0.0,0.31127780250633896,5.201724554732959
2025-01-12 22:00:00,6.734876348842996,0.0,0.15086110868258978,3.9170365551493798
2025-01-12 23:00:00,7.5453285336093465,0.0,0.14253076714929833,3.779921679704106
2025-01-13 00:00:00,7.113628338557676,0.0,0.1099016623895929,3.5271338262928436
2025-01-13 01:00:00,5.860313778357032,0.0,0.09782868925053798,3.6033115993825295
2025-01-13 02:00:00,6.781880950065899,0.0,0.10526536683672308,3.827777563664701
2025-01-13 03:00:00,6.831318791407235,0.0,0.095225892938072,3.3003577929365475
2025-01-13 04:00:00,7.308093401538811,0.0,0.09350173114502563,3.677492681527348
2025-01-13 05:00:00,10.190086547179103,0.0,0.10084168230185697,3.402950194457508
2025-01-13 06:00:00,10.2276637659027,0.0,0.10012828643543685,4.089157644437935
2025-01-13 07:00:00,9.429233279371708,1.2865057569964466,0.15479827035366833,4.350700675988753
2025-01-13 08:00:00,12.541540350105004,2.0566517523637318,0.14731354246690256,4.077451120641388
2025-01-13 09:00:00,12.274410161829685,3.1138161304097594,0.13163640216229602,4.272121375091182
2025-01-13 10:00:00,13.509509926566883,4.103128757075619,0.1456722611641161,3.350949488853296
2025-01-13 11:00:00,13.53436127870775,4.544250623214305,0.15793818467143816,2.743633310358831
2025-01-13 12:00:00,11.44864802057202,4.4227286368939325,0.14702623920756894,2.9006889518933594
2025-01-13 13:00:00,11.749646455526879,4.198419948415134,0.14753616597485453,2.994401859984178
2025-01-13 14:00:00,13.411157155993337,3.808444035823696,0.15986376505905936,3.0099023836533787
2025-01-13 15:00:00,12.729016278664968,3.0152986625323046,0.14288026772741078,3.061818194286092
2025-01-13 16:00:00,11.160788146008905,2.1026664693534,0.134571967817571,3.8979873493487887
2025-01-13 17:00:00,10.644588747225864,1.1602960536788867,0.29839368880474504,3.951714556054746
2025-01-13 18:00:00,11.608637880637765,5.227446201420625e-16,0.2951582604875126,4.4879911874115646
2025-01-13 19:00:00,8.02832631839382,0.0,0.29033753680246743,5.138886223298697
2025-01-13 20:00:00,9.012786608710186,0.0,0.2982462154410131,4.865228580377162
2025-01-13 21:00:00,7.267531214744644,0.0,0.3049150564724678,4.645355224955699
2025-01-13 22:00:00,6.767542520760982,0.0,0.14990711438432183,4.299216408502666
2025-01-13 23:00:00,8.442528336068708,0.0,0.15306981072686238,3.461728268027883
2025-01-14 00:00:00,8.0624592632092,0.0,0.11813407698515424,3.2208138197473755
2025-01-14 01:00:00,8.14682171486091,0.0,0.09657121138442437,3.1766380528291718
2025-01-14 02:00:00,9.184476739105333,0.0,0.1027834863464467,2.8893483053370557
2025-01-14 03:00:00,7.734520158616652,0.0,0.09490786637400866,3.2750296436000697
2025-01-14 04:00:00,9.347264196669602,0.0,0.09153640280113028,3.212599315613523
2025-01-14 05:00:00,8.58247746952941,0.0,0.09415092346582231,3.584065297843146
2025-01-14 06:00:00,10.31058426845982,0.0,0.09521241428478312,3.8388778601768374
2025-01-14 07:00:00,10.405577293483192,1.1044849179186496,0.15359475797547126,4.250211901562326
2025-01-14 08:00:00,11.469828687216234,2.007555342107237,0.17349075786700757,4.197172640739069
2025-01-14 09:00:00,12.83839062144217,3.510796036436689,0.1428395656372416,4.1977722259576105
2025-01-14 10:00:00,11.195079926230264,3.681381366339099,0.14583374694384538,3.493097350856873
2025-01-14 11:00:00,15.860693132122552,4.516694556036562,0.1493687698688875,2.602824618035187
2025-01-14 12:00:00,11.315308667477604,4.70662986987871,0.15395798848709746,3.5760517757441663
2025-01-14 13:00:00,10.900829299412763,4.452925223541236,0.15263550811954785,2.764855058402319
2025-01-14 14:00:00,14.159577261330574,3.7350873675587666,0.16284095793948117,2.37093328575354
2025-01-14 15:00:00,13.133149124231203,3.0201211241370305,0.12573607929464792,3.137991726759085
2025-01-14 16:00:00,12.26051446530539,2.2988341413513513,0.12613070129804327,3.0869568068316307
2025-01-14 17:00:00,11.543310138931139,1.259438225268925,0.2950412182798985,4.068448191351143
2025-01-14 18:00:00,9.805964580456784,6.058001627360288e-16,0.3109730018754371,5.222129661412161
2025-01-14 19:00:00,7.701996047190846,0.0,0.284343519683944,4.926773694843194
2025-01-14 20:00:00,8.438041577017746,0.0,0.26992367660306243,4.5607169725270165
2025-01-14 21:00:00,6.6872718288993465,0.0,0.30571179406219207,4.398331233215555
2025-01-14 22:00:00,8.688938128500467,0.0,0.15243657223702714,4.110138657764885
2025-01-14 23:00:00,6.7059711886067435,0.0,0.1390979159320057,3.9840318373545793
2025-01-15 00:00:00,5.718927843881737,0.0,0.0901446039927907,3.371714093280344
2025-01-15 01:00:00,6.577317397723809,0.0,0.09030256280365326,3.510645629750648
2025-01-15 02:00:00,7.978494609130625,0.0,0.10110535317473941,3.4972952072146484
2025-01-15 03:00:00,6.990266466304899,0.0,0.09373684723816994,3.7445427073797326
2025-01-15 04:00:00,7.223843045720857,0.0,0.1049406391897552,3.4468747034708263
2025-01-15 05:00:00,9.54624732100081,0.0,0.07145373337095609,3.0411346851331897
2025-01-15 06:00:00,10.324623495733588,0.0,0.091431481348722,3.6666654771057576
2025-01-15 07:00:00,9.973216011321373,1.1007836790945276,0.1387394603908895,4.201599708312015
2025-01-15 08:00:00,10.75061618064302,2.225127123071445,0.14743659321627509,4.318149418033643
2025-01-15 09:00:00,12.426568888666601,3.505539154047455,0.14461952241509862,3.9550760068946826
2025-01-15 10:00:00,10.383123338177834,3.809676337223296,0.15797843779895765,4.048207186849901
2025-01-15 11:00:00,10.743755456372877,4.674889365992497,0.1314066322833994,3.6159368461566435
2025-01-15 12:00:00,11.87950730719185,4.188540605749251,0.15045491476330752,2.9180204833487884
2025-01-15 13:00:00,12.534780390369939,4.513250267357858,0.15558336423211705,2.9960761736956676
2025-01-15 14:00:00,13.021611198820827,4.310214457355946,0.16856647436561956,2.8497724215228795
2025-01-15 15:00:00,14.291528308054474,2.900476427329569,0.14518234028906524,2.864992070272563
2025-01-15 16:00:00,12.743663073873533,2.004159971113596,0.15324458604352517,3.625711775980221
2025-01-15 17:00:00,10.493722979432926,1.1474956647721417,0.2819613720743763,4.255903842133001
2025-01-15 18:00:00,9.92864932721647,5.012020697927748e-16,0.27608043795686976,5.189804742205253
2025-01-15 19:00:00,7.676922456806228,0.0,0.308447743757817,4.951087476761116
2025-01-15 20:00:00,8.42940393508192,0.0,0.2999443970635193,4.855112206888655
2025-01-15 21:00:00,7.402865337130654,0.0,0.3117851268979842,4.586992473228547
2025-01-15 22:00:00,7.843175268224322,0.0,0.1362659711103025,4.119848825420224
2025-01-15 23:00:00,5.818549744874815,0.0,0.15519902139528752,4.1191591640258665
2025-01-16 00:00:00,7.869637643314158,0.0,0.11868817840543854,3.2112669632969237
2025-01-16 01:00:00,9.491948762589061,0.0,0.10419705608357266,2.7398014552653627
2025-01-16 02:00:00,7.3294014379137975,0.0,0.1027658150559105,3.4656381015492705
2025-01-16 03:00:00,8.57186511154117,0.0,0.1000855608082435,3.348273340293807
2025-01-16 04:00:00,9.62583385951907,0.0,0.08429118542874088,2.819531130175129
2025-01-16 05:00:00,8.712330028816083,0.0,0.11355572935710348,3.6007382769951946
2025-01-16 06:00:00,10.426756594668024,0.0,0.09389142360194935,3.500556923579503
2025-01-16 07:00:00,10.885963608432656,1.0589300376329736,0.15504483256383017,4.0445006161453
2025-01-16 08:00:00,11.737132019775647,2.0996351682334002,0.13436965693428746,4.070993491260846
2025-01-16 09:00:00,11.052423539728842,3.4488921450236507,0.13820540335492218,4.319398268617355
2025-01-16 10:00:00,12.72545934469413,4.103854630030642,0.16435087399222234,3.566713981316249
2025-01-16 11:00:00,13.735392787687779,3.8769804907724827,0.14652697711042156,2.7449364809101335
2025-01-16 12:00:00,15.267333283644962,4.248376260369801,0.16453275476042545,2.7218292895508402
2025-01-16 13:00:00,14.427301589947415,4.070804064403179,0.14921769340941482,2.262515489750324
2025-01-16 14:00:00,15.91846776957305,3.6986267747233557,0.13158102227042143,2.4966401178005833
2025-01-16 15:00:00,11.060916871179968,3.003478317060082,0.1589206759973172,3.076962114266678
2025-01-16 16:00:00,12.899098827033416,2.0312631478714227,0.1441010768224439,3.3526152376729383
2025-01-16 17:00:00,11.142088015867492,1.1540587266745308,0.30698688813517044,4.264503777720946
2025-01-16 18:00:00,13.37532227177891,5.795926901114408e-16,0.3002521086754008,4.468931633250114
2025-01-16 19:00:00,8.10171330861211,0.0,0.2845688177205713,5.455188622614514
2025-01-16 20:00:00,7.331035108681236,0.0,0.3016429476537057,5.073499905940849
2025-01-16 21:00:00,7.070208560226725,0.0,0.32196223142152797,4.713505238440478
2025-01-16 22:00:00,4.306698074134374,0.0,0.1549298645851446,4.368788086138554
2025-01-16 23:00:00,6.404207860564053,0.0,0.14942482246994537,3.831686069247099
2025-01-17 00:00:00,6.08592890363613,0.0,0.11075343401956898,3.518088935107221
2025-01-17 01:00:00,7.552441096813784,0.0,0.10210668465203111,3.237326335568762
2025-01-17 02:00:00,8.1391856482791,0.0,0.10209534230262794,2.8392111201959342
2025-01-17 03:00:00,10.917563811230863,0.0,0.08908374827840898,2.9820919223688303
2025-01-17 04:00:00,10.150263653245752,0.0,0.10233848025789599,3.2178835822748995
2025-01-17 05:00:00,8.582815277165508,0.0,0.11035443416416946,3.481006178657833
2025-01-17 06:00:00,8.87700588894414,0.0,0.09163937847899976,3.747677967187926
2025-01-17 07:00:00,11.738963788533999,1.226263255522513,0.16424495821246948,4.370246644134345
2025-01-17 08:00:00,9.744278085435713,2.26072451208344,0.14908293975854872,4.588986850953078
2025-01-17 09:00:00,15.09313638830785,2.8768347494183097,0.14112230488461458,3.6268435809551343
2025-01-17 10:00:00,14.591864288401924,3.7854948474913352,0.15997632076920243,3.0919727766073795
2025-01-17 11:00:00,12.418641896676824,4.753095552255625,0.1471320576426173,2.9957018222983844
2025-01-17 12:00:00,10.65492610233036,4.584448909757427,0.15759514887486106,3.3598230380743708
2025-01-17 13:00:00,15.153213936082,4.383692032263348,0.14708241367741462,2.4896995611734654
2025-01-17 14:00:00,12.650894339441066,3.6969355884894597,0.14940173856470096,2.7126087579220917
2025-01-17 15:00:00,14.202672707486512,3.0889598545400627,0.15493560204334292,2.964691394013135
2025-01-17 16:00:00,9.332986407775126,2.4476730445765846,0.15290897057590006,3.6908045070007724
2025-01-17 17:00:00,10.102022496843581,1.2077695099670958,0.2800446821954826,4.588626096452214
2025-01-17 18:00:00,10.232493445543952,5.862858198591809e-16,0.2887875625990561,5.012341319565748
2025-01-17 19:00:00,9.518641651306227,0.0,0.3092940998479081,4.924448592539473
2025-01-17 20:00:00,8.04952968874781,0.0,0.2986786341109845,4.877997246860979
2025-01-17 21:00:00,9.037582450928284,0.0,0.29476268697228575,3.892503559225166
2025-01-17 22:00:00,6.025121040539469,0.0,0.13641425984742525,3.9538086403405344
2025-01-17 23:00:00,7.113281189567531,0.0,0.1392026367872415,3.4423053382505713
2025-01-18 00:00:00,7.539607448618895,0.0,0.07978201360038054,3.282788368305064
2025-01-18 01:00:00,8.233044773271965,0.0,0.09898719281298468,3.110069122996384
2025-01-18 02:00:00,8.828510106831066,0.0,0.09401562419418953,2.848175184505149
2025-01-18 03:00:00,6.5508805197346,0.0,0.09033412109014685,3.383566929589292
2025-01-18 04:00:00,6.557992744947613,0.0,0.09931876574832048,3.6771112253290545
2025-01-18 05:00:00,11.49922209859125,0.0,0.10363970630852738,3.3726399253394517
2025-01-18 06:00:00,10.857635019020435,0.0,0.12093197932209945,3.3869458226214975
2025-01-18 07:00:00,10.012891331523779,1.0409477672386485,0.13488116580436785,4.256546812778012
2025-01-18 08:00:00,14.185891964334832,2.1505230389171563,0.16159381043300522,3.681035927911981
2025-01-18 09:00:00,12.653996296049979,3.1838410848461765,0.1597310156101507,4.145702337638475
2025-01-18 10:00:00,14.726185988500102,3.512751525205596,0.142209072606233,3.4600900324957955
2025-01-18 11:00:00,13.358219202033416,4.33806535334774,0.1520323595458603,2.867710066074971
2025-01-18 12:00:00,16.450285888374026,4.927110628858427,0.14542366750662383,2.2506527439118043
2025-01-18 13:00:00,15.88995274358306,3.965505336442319,0.15185688580418738,2.281505106000068
2025-01-18 14:00:00,12.583793989685752,4.126126705338614,0.1650913101340455,2.380219534346603
2025-01-18 15:00:00,13.937840771042223,3.118108304644191,0.15605606232631314,2.961727014829634
2025-01-18 16:00:00,12.827227925428769,2.3275868572621685,0.1550860837323344,3.379806253103574
2025-01-18 17:00:00,13.188568472657133,1.1026303682013499,0.2956969068004536,4.112106989812085
2025-01-18 18:00:00,8.911778810180891,5.093908885399457e-16,0.28515943335075666,4.68058512523746
2025-01-18 19:00:00,10.611784055741143,0.0,0.2979153178945959,4.762761728597852
2025-01-18 20:00:00,10.44680073132543,0.0,0.31206608154863913,4.4147537195500135
2025-01-18 21:00:00,5.599734427856734,0.0,0.28472832143410354,4.627813849033358
2025-01-18 22:00:00,5.986200020699068,0.0,0.13944910631823304,4.018398917818012
2025-01-18 23:00:00,4.402538255543691,0.0,0.15126267736234067,4.234683181094272
2025-01-19 00:00:00,7.09007606958721,0.0,0.09015345215152738,3.170041695841111
2025-01-19 01:00:00,8.672722226080785,0.0,0.09207476552884789,3.14738970649652
2025-01-19 02:00:00,10.149645688044773,0.0,0.09576401418271824,2.8825533314701923
2025-01-19 03:00:00,8.484008148324065,0.0,0.08634382595809852,2.9539313694489047
2025-01-19 04:00:00,11.437109639610984,0.0,0.09025878153783633,2.956889683805652
2025-01-19 05:00:00,7.647576998624148,0.0,0.10703427916787309,3.8490901337251056
2025-01-19 06:00:00,7.939112662221314,0.0,0.08692630217769036,3.8755506831004976
2025-01-19 07:00:00,11.18732190821668,1.1738877073782519,0.13402127865505162,4.303090397817906
2025-01-19 08:00:00,12.570284494663007,2.1784429875855547,0.14369975020466105,3.981632795371383
2025-01-19 09:00:00,12.56646454267255,3.078593837999008,0.15731955502509845,3.879263623401144
2025-01-19 10:00:00,9.991099382547548,4.181651811372226,0.1480307819200311,3.9776077665414116
2025-01-19 11:00:00,13.258283740852068,4.626101651853518,0.1453541892188438,2.926620535237727
2025-01-19 12:00:00,11.537482070496766,4.307795831680746,0.15044358797515606,3.0009132144043287
2025-01-19 13:00:00,14.396472623366309,4.746355162857953,0.13254292567140347,2.4900379647681206
2025-01-19 14:00:00,13.642159901752635,4.2892636249692275,0.15494705653775032,2.729647905185608
2025-01-19 15:00:00,11.205686985322657,3.059468991917763,0.15383435031403644,2.746244013323167
2025-01-19 16:00:00,11.223385945249007,2.1772124743965273,0.14590691525904279,3.2608998369515545
2025-01-19 17:00:00,9.681823173728182,1.1661439291699771,0.3100592451179642,4.462074810379354
2025-01-19 18:00:00,10.400167675344289,6.051127787269732e-16,0.2887250390104696,4.929096586140172
2025-01-19 19:00:00,11.150442666698341,0.0,0.31127908993253567,4.63984994422667
2025-01-19 20:00:00,7.515597251750733,0.0,0.3015449366559525,5.018997518272574
2025-01-19 21:00:00,9.128935750971172,0.0,0.29663447410121824,4.464111653538937
2025-01-19 22:00:00,7.100723682342069,0.0,0.14980126364631688,4.2596959979662365
2025-01-19 23:00:00,6.407099593993325,0.0,0.14892735234189058,3.3894056303768574
2025-01-20 00:00:00,7.4691093066163425,0.0,0.11220282896417717,3.0870020277522174
2025-01-20 01:00:00,6.179013884051914,0.0,0.08923320872528986,3.3552836946210864
2025-01-20 02:00:00,7.20110467717409,0.0,0.09237480760853402,3.453158972994245
2025-01-20 03:00:00,6.711517664105263,0.0,0.1103630289207248,3.9202093775020224
2025-01-20 04:00:00,12.076742545922762,0.0,0.09404465064816141,2.868192674320624
2025-01-20 05:00:00,9.906093039198211,0.0,0.10900533077331592,3.1768520500627013
2025-01-20 06:00:00,9.580066584559301,0.0,0.1169943598300871,4.000641706368869
2025-01-20 07:00:00,11.727081847957074,1.1932973085336178,0.14598204973058365,4.340695804810925
2025-01-20 08:00:00,11.961162772011935,2.0801827030598714,0.15681362326575304,4.246274410580951
2025-01-20 09:00:00,12.419520790807988,3.3047663675579404,0.13846307718660142,3.8121639498086006
2025-01-20 10:00:00,14.148981107966634,3.61933948831904,0.15754733298067808,3.5641241231851155
2025-01-20 11:00:00,14.663693890486343,4.5340071367727575,0.15199423985986765,3.0233676724251985
2025-01-20 12:00:00,12.833903125132387,4.229598160753969,0.15473038282160215,2.632611547141756
2025-01-20 13:00:00,12.663704964448364,3.977249141885229,0.14354427927964605,2.837193373102761
2025-01-20 14:00:00,12.81515351217403,3.6072421824531147,0.13338916584432828,3.0024681841260517
2025-01-20 15:00:00,9.298093443004447,2.8298357770686358,0.15503252064749504,3.6876810680178305
2025-01-20 16:00:00,9.85686825325035,2.3593698089267647,0.12936596847520546,3.7775285279711186
2025-01-20 17:00:00,13.45642338302253,1.2248355205594585,0.29682649507757464,3.814313494818801
2025-01-20 18:00:00,13.097106416800106,5.52919867533491e-16,0.3094118186641997,4.643482420451917
2025-01-20 19:00:00,9.479643651906049,0.0,0.30191897735873036,4.780411066111873
2025-01-20 20:00:00,9.99449029113183,0.0,0.3194834264478981,4.85805188216527
2025-01-20 21:00:00,8.975209734803842,0.0,0.3102510915258177,4.14960959942567
2025-01-20 22:00:00,12.64989984787772,0.0,0.14346101611674422,3.6682265922221386
2025-01-20 23:00:00,9.41123973483284,0.0,0.15027313379851437,3.382835164688053
2025-01-21 00:00:00,7.573653047464601,0.0,0.09952629297455565,3.5053814753755956
2025-01-21 01:00:00,6.4344412949179075,0.0,0.08417823236653874,3.4894308325582477
2025-01-21 02:00:00,5.757783742946076,0.0,0.09059601083515648,3.24108539964201
2025-01-21 03:00:00,8.949404544926942,0.0,0.09439239093020141,3.4369024014745704
2025-01-21 04:00:00,8.131003316759296,0.0,0.07963779497144063,3.697531580467729
2025-01-21 05:00:00,7.855691734981679,0.0,0.10047493468251643,3.880752997509326
2025-01-21 06:00:00,9.79567010832196,0.0,0.09750928155346959,3.7419980950698464
2025-01-21 07:00:00,9.91966456457172,1.0502183627324346,0.13327106098688424,4.232183930037543
2025-01-21 08:00:00,14.796241887294599,2.1955164345636993,0.1540421286527733,3.9135475360322833
2025-01-21 09:00:00,14.20930941366957,2.9940339165049497,0.1571587274469096,3.637976944229783
2025-01-21 10:00:00,13.351646684064141,3.6542408901553016,0.15227034478864887,3.8066747802500513
2025-01-21 11:00:00,15.883223121887994,4.7908595759914085,0.1467593182479103,2.773180335302521
2025-01-21 12:00:00,13.88158189615718,4.616300485925724,0.15591442151751855,2.1714366540364347
2025-01-21 13:00:00,12.37138061156056,4.40160657551985,0.1568022036047669,2.8638583344936737
2025-01-21 14:00:00,15.648291761943554,3.8241734170500568,0.15307403569719688,2.393407001258472
2025-01-21 15:00:00,13.695214843772384,3.131736571666189,0.14175387749565238,2.9086631801902096
2025-01-21 16:00:00,10.709660203196066,2.2704525019190402,0.1527660076551118,3.6147594158823844
2025-01-21 17:00:00,11.256478552867902,1.2155254780481024,0.3119548065082548,4.311332046994558
2025-01-21 18:00:00,9.452102054608616,5.7584681658123e-16,0.2940337094138827,5.05936573520932
2025-01-21 19:00:00,7.914872702931684,0.0,0.3209793933913243,5.266826313036704
2025-01-21 20:00:00,10.654795755983216,0.0,0.29474369066014616,4.623237130771271
2025-01-21 21:00:00,11.508334051831305,0.0,0.30032407013340134,4.111372565893426
2025-01-21 22:00:00,6.069601862603724,0.0,0.14327514403993663,4.248707019318624
2025-01-21 23:00:00,8.712205810854403,0.0,0.1522327083592026,3.3578423307147305
2025-01-22 00:00:00,6.925805969411142,0.0,0.08257778307364726,3.4451922073267642
2025-01-22 01:00:00,7.273304268579634,0.0,0.0945395820118328,3.382493189219829
2025-01-22 02:00:00,7.415102725382263,0.0,0.08907878799651434,3.594939415717389
2025-01-22 03:00:00,7.4844633250145165,0.0,0.10135338347892292,3.5788397575063082
2025-01-22 04:00:00,9.474552265011123,0.0,0.10994447375508908,3.0889216698739372
2025-01-22 05:00:00,8.878887513169763,0.0,0.10646006187114553,3.745571880508706
2025-01-22 06:00:00,11.30745506176364,0.0,0.07628340639141108,3.5227107970451943
2025-01-22 07:00:00,11.60286979422774,1.0886581555635324,0.1704206965292788,4.230588513538473
2025-01-22 08:00:00,12.043347752794269,2.1959296865940128,0.15295279940620868,4.111486548939149
2025-01-22 09:00:00,11.661744673591128,3.461764833738182,0.14223500859507,3.8797761482303663
2025-01-22 10:00:00,12.634689038594699,3.641044793570624,0.1515712791899094,3.6102494517532246
2025-01-22 11:00:00,14.932634140699722,4.35420533115443,0.15176189822502692,2.3234722930690777
2025-01-22 12:00:00,14.653145604530454,4.419271661166022,0.14333151283048437,2.2693235035720676
2025-01-22 13:00:00,12.333214434763262,3.8812097844790667,0.15197916667342076,2.7650687364032485
2025-01-22 14:00:00,13.648844492591037,4.1506502805480405,0.14392527712379694,2.7194605062712047
2025-01-22 15:00:00,14.150170851711207,2.877249953314415,0.14595638007309977,2.795190016429603
2025-01-22 16:00:00,9.897661901411825,2.2371275104884765,0.14313720864244914,3.470035825510114
2025-01-22 17:00:00,12.493267246971348,1.1803904013158928,0.2856732871026035,3.837929751953105
2025-01-22 18:00:00,9.907834184675112,5.66818764518198e-16,0.3014583647021538,4.858982189338142
2025-01-22 19:00:00,10.981210690676058,0.0,0.3058529943651634,4.958611476181321
2025-01-22 20:00:00,8.256881088280107,0.0,0.3051488359607637,4.975604504804088
2025-01-22 21:00:00,6.073126328537462,0.0,0.30819925252635233,5.003231689857919
2025-01-22 22:00:00,5.862379954915823,0.0,0.15324340210014867,4.349133129617493
2025-01-22 23:00:00,8.07611976421875,0.0,0.14467274501783095,3.4451675334923335
2025-01-23 00:00:00,8.4279193933874,0.0,0.1083966386443119,3.0930524560530426
2025-01-23 01:00:00,6.7840832242813605,0.0,0.08642482460158066,3.0686180183219576
2025-01-23 02:00:00,9.398148117617923,0.0,0.0909932861748752,3.027257922615491
2025-01-23 03:00:00,6.424735203842094,0.0,0.09035799928576756,3.6773572998335715
2025-01-23 04:00:00,9.439215942834203,0.0,0.11080056059139311,3.3673550289953877
2025-01-23 05:00:00,8.445354205853931,0.0,0.10942788514140075,3.913938067668637
2025-01-23 06:00:00,10.06058147910194,0.0,0.10487305237044996,3.801949254823694
2025-01-23 07:00:00,11.88589078308736,1.082754514514729,0.16071929865211798,4.32665953359
2025-01-23 08:00:00,11.24771559287925,2.427487009780737,0.1412071721758801,4.271624402591379
2025-01-23 09:00:00,12.582822668020084,3.452491198415081,0.1534859511986098,4.268214450087987
2025-01-23 10:00:00,15.145851065980155,3.8679377099876686,0.14874825571616834,3.2485295904390643
2025-01-23 11:00:00,13.07077531538766,3.936823626807837,0.15846882103884913,3.2232550524982084
2025-01-23 12:00:00,15.29187380890289,4.387826089916931,0.14884775767447803,2.8378937067903918
2025-01-23 13:00:00,12.241552837685955,4.639861082827072,0.14615057111589919,2.7728809790911404
2025-01-23 14:00:00,14.431118119031417,4.245060832331823,0.1554090851856099,2.6527771152802253
2025-01-23 15:00:00,15.322008915351672,2.9723040807528647,0.15876169167191231,2.986205887865645
2025-01-23 16:00:00,8.830868890614244,2.0334868060126357,0.143316548051532,3.88733761376333
2025-01-23 17:00:00,10.619449892907026,1.2623511869101895,0.2993892432864762,3.962187746367293
2025-01-23 18:00:00,11.903943831575988,5.375470708682064e-16,0.28941559366358344,4.96980857717954
2025-01-23 19:00:00,9.957310426433125,0.0,0.27501938982507057,4.871170260897372
2025-01-23 20:00:00,10.095054450862143,0.0,0.3020045963141373,4.79001953500094
2025-01-23 21:00:00,8.011037517171806,0.0,0.3060890535625463,4.7705169249046255
2025-01-23 22:00:00,8.57014411066121,0.0,0.15262066809086725,3.8230232454899586
2025-01-23 23:00:00,7.907042308849854,0.0,0.13050438282245633,3.4133743762838176
2025-01-24 00:00:00,9.926859512910232,0.0,0.09649150569923526,3.0200275117475934
2025-01-24 01:00:00,8.659040206505136,0.0,0.07781652239948919,2.7655811323141974
2025-01-24 02:00:00,9.083514202180009,0.0,0.11369701107654186,3.0290605751727404
2025-01-24 03:00:00,8.436050627677176,0.0,0.08913945417881915,3.262587057992175
2025-01-24 04:00:00,8.943777084311781,0.0,0.11255403609459896,3.2357592957108516
2025-01-24 05:00:00,9.749892003383529,0.0,0.10945869643684146,3.1683014781441114
2025-01-24 06:00:00,11.766864633987966,0.0,0.0909940964746394,3.976607916237972
2025-01-24 07:00:00,11.32016683449769,1.1259975703828529,0.13867215048732254,4.146034079307745
2025-01-24 08:00:00,13.109848705765142,2.1862666368797754,0.1535037021638634,4.373059697887014
2025-01-24 09:00:00,16.409607961948325,2.8770150322250703,0.14155675962816927,3.4626759482665306
2025-01-24 10:00:00,15.079949686921376,3.7841622604246363,0.15102484642158207,3.08480670907639
2025-01-24 11:00:00,13.583928601035964,4.3121232809305985,0.1451717240919308,3.074066567510589
2025-01-24 12:00:00,15.977007303666438,4.722737752238805,0.13218841585534366,2.417497789291151
2025-01-24 13:00:00,13.4608508397554,4.498055275334387,0.1276953198087554,2.429698452960777
2025-01-24 14:00:00,10.716075829007057,4.077910677896126,0.15226684248494596,3.3488612443318133
2025-01-24 15:00:00,11.78437729760406,2.834341140917003,0.14438442253669373,3.028494952375299
2025-01-24 16:00:00,9.868998538881737,2.1088336997902677,0.14446910183085868,3.42130941179813
2025-01-24 17:00:00,11.424373329666121,1.2065326760930761,0.30695863839093784,4.3954086012489
2025-01-24 18:00:00,11.202813989204849,5.49130322715209e-16,0.31173442276632446,4.52448314418457
2025-01-24 19:00:00,12.913385253525883,0.0,0.2972745527863819,4.488829395990544
2025-01-24 20:00:00,10.165577481066768,0.0,0.2965940129309014,4.396728043782881
2025-01-24 21:00:00,8.725215283647584,0.0,0.3050014303311388,4.801802556356704
2025-01-24 22:00:00,9.821218580842439,0.0,0.13643064430300425,3.536696972372514
2025-01-24 23:00:00,4.960705978041489,0.0,0.15223153054747696,3.9801982147663773
2025-01-25 00:00:00,8.665703447263276,0.0,0.10551885971822154,3.3031428447783493
2025-01-25 01:00:00,9.570801922063673,0.0,0.10680230208417629,3.09912839263027
2025-01-25 02:00:00,6.496326030077349,0.0,0.08063247297497536,3.3851735088002055
2025-01-25 03:00:00,10.90659233135118,0.0,0.0923864473019106,2.5767811490307304
2025-01-25 04:00:00,10.320026221342049,0.0,0.09121736747176534,2.962654811478796
2025-01-25 05:00:00,9.912892603941662,0.0,0.10099886954409214,3.4949916623227897
2025-01-25 06:00:00,12.261454409259855,0.0,0.10480744579767984,3.440986737967144
2025-01-25 07:00:00,15.494778032114585,1.2089845167836346,0.1649671040744598,3.665044996803635
2025-01-25 08:00:00,13.08508099268817,2.310236892525985,0.14505034519631926,4.226150081666931
2025-01-25 09:00:00,13.805932833110573,3.3532793867719928,0.14502427501690784,4.01962479092317
2025-01-25 10:00:00,13.221316472143377,3.6112228819981493,0.16149672018878747,3.238609219625366
2025-01-25 11:00:00,12.935292534770445,4.052034886225837,0.15296576938530304,3.53739592240721
2025-01-25 12:00:00,15.557785334916796,4.890409517219329,0.16267651511187972,2.6644577197175785
2025-01-25 13:00:00,12.925933350104332,4.588126229824546,0.15288728003009835,2.7290980125833637
2025-01-25 14:00:00,14.017707177282832,4.250650558792983,0.13842883381286727,2.876615947396549
2025-01-25 15:00:00,12.717115783512394,3.364919873331328,0.13666871645222192,3.514101933045093
2025-01-25 16:00:00,13.530751348720015,2.2985776529951507,0.1344848775094107,3.0622083313652766
2025-01-25 17:00:00,12.589231903338414,1.204578190777937,0.30662051834758475,3.9449398331184877
2025-01-25 18:00:00,12.868591526487275,5.987454862675078e-16,0.31188596823087006,3.9497631108985387
2025-01-25 19:00:00,9.770799876510743,0.0,0.3184936214138638,5.026034726285092
2025-01-25 20:00:00,9.407469207160371,0.0,0.3084310533232324,4.913857402442672
2025-01-25 21:00:00,7.722815692867325,0.0,0.31162838577534985,4.566069786842386
2025-01-25 22:00:00,8.047765508632944,0.0,0.14419983667346314,3.876500744279929
2025-01-25 23:00:00,8.9804548708005,0.0,0.1384358418325614,3.076235548256501
2025-01-26 00:00:00,9.585063510549467,0.0,0.10850079332417553,3.085002309358272
2025-01-26 01:00:00,7.168555120447797,0.0,0.10417680752239401,3.594141519006621
2025-01-26 02:00:00,10.155913254386615,0.0,0.10107444374340893,2.8397502131348453
2025-01-26 03:00:00,11.361717030229226,0.0,0.1038737148063299,2.9505113426274767
2025-01-26 04:00:00,10.569732940416992,0.0,0.10323185482458207,2.7810061096592493
2025-01-26 05:00:00,13.488317169110976,0.0,0.11283816859853563,3.11982325963247
2025-01-26 06:00:00,10.288896786926081,0.0,0.11294985584816956,3.7564520070956644
2025-01-26 07:00:00,10.359055665921877,1.1665128739890196,0.15544220352340346,4.088176198626424
2025-01-26 08:00:00,10.281500212225023,2.0939601904076612,0.15845802872562928,4.2741583653162545
2025-01-26 09:00:00,15.814967396374858,2.8828543141246556,0.15514062552424776,3.507317749764833
2025-01-26 10:00:00,15.029205281465844,4.066990521827844,0.1453883026796538,3.343385097207714
2025-01-26 11:00:00,14.263981058082964,4.233458517996926,0.1575656467491314,2.6761914483748135
2025-01-26 12:00:00,14.86953352506117,4.82183094658536,0.13605504931140738,2.514129001675857
2025-01-26 13:00:00,12.65912449350108,4.500741789302148,0.16053891552295882,2.7531635505097376
2025-01-26 14:00:00,17.716284766359998,4.1536669388527505,0.13805477060233964,1.9950714751855894
2025-01-26 15:00:00,13.764732702103924,3.0207220133357997,0.15285803286794733,3.274639388749118
2025-01-26 16:00:00,13.11367277748878,2.3461794612305287,0.1415484604157384,3.22930268411213
2025-01-26 17:00:00,13.314687656737041,1.103620451136389,0.30553388983074425,3.7690502884822252
2025-01-26 18:00:00,12.17109443318651,6.048614404128385e-16,0.2996607477407209,4.313487504104796
2025-01-26 19:00:00,11.008949486692574,0.0,0.28405244041836664,5.19862248396129
2025-01-26 20:00:00,8.763868902413472,0.0,0.3042069963101848,5.028591636347168
2025-01-26 21:00:00,10.035462777725792,0.0,0.29422079223167286,4.109066158499193
2025-01-26 22:00:00,11.674541118940674,0.0,0.1588114672081337,3.793440697014657
2025-01-26 23:00:00,10.569933175946701,0.0,0.15001325688734407,3.3355407937343977
2025-01-27 00:00:00,10.976822602173065,0.0,0.10395420985388039,2.8947351659033864
2025-01-27 01:00:00,7.922441668699987,0.0,0.09042431044984789,3.1436927946828024
2025-01-27 02:00:00,7.504559220472782,0.0,0.09410667768572639,3.126233190959797
2025-01-27 03:00:00,9.277041938504853,0.0,0.09541361363898916,3.180213587640693
2025-01-27 04:00:00,10.170630030647011,0.0,0.10856702480242557,3.033509875516539
2025-01-27 05:00:00,12.451872804612831,0.0,0.1167737708780549,3.5161050965487655
2025-01-27 06:00:00,9.048345717641741,0.0,0.09194828248257124,3.730136373910096
2025-01-27 07:00:00,14.657825276712451,1.0838623141956998,0.1607684814465768,4.032038790023127
2025-01-27 08:00:00,12.850030814345486,2.044192473492259,0.12830322582274298,4.095743651545465
2025-01-27 09:00:00,13.068041400852483,3.322658581072014,0.1380581059890771,3.975488332438341
2025-01-27 10:00:00,12.666962310677034,3.7830996596968802,0.14041221543813226,3.7169991438897507
2025-01-27 11:00:00,12.002535133282521,4.281317691137887,0.13647491310559276,3.0839477405890827
2025-01-27 12:00:00,15.821798538156841,4.031149092793392,0.1341641161021242,2.6521299433576737
2025-01-27 13:00:00,14.59479709186378,4.114434901407457,0.15412998912137796,1.9876684232298074
2025-01-27 14:00:00,12.250177523955704,3.4932662364011455,0.14785932302272137,2.726814282536089
2025-01-27 15:00:00,11.765744847678189,3.4501053464752665,0.1537940539760511,2.9703723294769895
2025-01-27 16:00:00,12.583365613278778,2.1216983416092647,0.15690472686121512,3.212937437355247
2025-01-27 17:00:00,14.867032085455621,1.1795256544391117,0.30265616993172534,3.6736653721469033
2025-01-27 18:00:00,11.197655635168562,4.946323096870005e-16,0.3065776317615037,4.7031117434677885
2025-01-27 19:00:00,8.555871097229247,0.0,0.2993046771375773,5.273827872969127
2025-01-27 20:00:00,9.718428066085055,0.0,0.28813006611694253,4.851638842426763
2025-01-27 21:00:00,9.05663696403282,0.0,0.310578141808208,4.280704964412369
2025-01-27 22:00:00,4.943636486448296,0.0,0.14410887867218872,4.453706228706783
2025-01-27 23:00:00,8.607822883570046,0.0,0.14064403701237574,3.5557114289319904
2025-01-28 00:00:00,8.378225311705016,0.0,0.09822082124195602,3.3423273901244555
2025-01-28 01:00:00,9.871159175370956,0.0,0.09087189080703488,3.13412947621908
2025-01-28 02:00:00,11.899985038082736,0.0,0.09582569618010568,2.7547605730221227
2025-01-28 03:00:00,11.293154307780028,0.0,0.10344053921563467,2.6912762822845004
2025-01-28 04:00:00,9.821294071185788,0.0,0.10348341739246128,3.0538576054845876
2025-01-28 05:00:00,9.288381108597966,0.0,0.09102169933574371,3.4224151022279217
2025-01-28 06:00:00,15.584666811892824,0.0,0.09512294627051256,3.1365827968653357
2025-01-28 07:00:00,12.58991189334733,1.059842750181369,0.16074333004770244,4.0265671269739025
2025-01-28 08:00:00,13.245521044887452,2.499446306016645,0.1549640011773394,4.213583471665601
2025-01-28 09:00:00,13.80975981991267,3.059395953016936,0.17075065039348541,3.816441236743822
2025-01-28 10:00:00,14.619830459523133,4.112047889674877,0.16180128173741526,3.3192483702824265
2025-01-28 11:00:00,14.405863967999325,4.642881913039716,0.1614429306855994,2.9502594004239544
2025-01-28 12:00:00,13.86413409669768,4.858023271007229,0.136121314495442,2.6110189367665777
2025-01-28 13:00:00,13.80211617402465,4.827338242653808,0.1576386035163342,2.439220452918147
2025-01-28 14:00:00,14.273573413047352,3.673243706294857,0.14946893198303088,2.2769171030273365
2025-01-28 15:00:00,13.030810293877028,2.856959468045168,0.1444901819646175,2.8643471657859676
2025-01-28 16:00:00,12.155358433002288,2.2055957589972928,0.15168015340532529,3.609628592116335
2025-01-28 17:00:00,12.660729583863441,1.0689435351615084,0.30945211534611483,3.8408303523458414
2025-01-28 18:00:00,11.342161280886751,4.926050989969757e-16,0.3050083159100421,4.561059664860079
2025-01-28 19:00:00,13.204159454584502,0.0,0.2912152619865794,4.668787527869099
2025-01-28 20:00:00,6.248172394428515,0.0,0.3074245891359262,5.32403207087
2025-01-28 21:00:00,11.240567041342084,0.0,0.29362412457924036,3.9358654776807587
2025-01-28 22:00:00,10.99567868441116,0.0,0.15216683118964286,3.8530697486769334
2025-01-28 23:00:00,5.716764279538604,0.0,0.14696649932522865,4.103251340316691
2025-01-29 00:00:00,8.348261759632798,0.0,0.09781133748264374,2.9327418113422064
2025-01-29 01:00:00,8.40735437289243,0.0,0.1076624297504051,2.989631338001969
2025-01-29 02:00:00,7.152949397323274,0.0,0.08959806280184103,3.556527703758371
2025-01-29 03:00:00,8.574247775807365,0.0,0.11945195074276933,3.167624963102411
2025-01-29 04:00:00,8.696429382554578,0.0,0.08178913930705504,2.875475809796379
2025-01-29 05:00:00,13.714241680581194,0.0,0.09402332316745143,2.721333404571004
2025-01-29 06:00:00,13.265810740474514,0.0,0.10370211889941741,3.4280248671842877
2025-01-29 07:00:00,14.54608292855212,1.1956213599194723,0.1558431416643531,3.5056079871744568
2025-01-29 08:00:00,14.444801246818175,2.2816976753563196,0.14899524279428294,3.843950215281014
2025-01-29 09:00:00,12.290035837487121,3.270095953792356,0.14942609296998458,4.01551109597468
2025-01-29 10:00:00,13.673588962686978,4.2127227668016225,0.15410550085327615,3.7220233131296165
2025-01-29 11:00:00,15.494132471462404,4.430640435233405,0.1476893052254232,2.7329151357628265
2025-01-29 12:00:00,13.029101437415404,4.580950379888179,0.16393181257934905,3.028912278421471
2025-01-29 13:00:00,15.82956827487911,4.820625888532381,0.15839349114231602,2.6667566847515576
2025-01-29 14:00:00,14.099881264869435,4.119449163629177,0.15872824351005635,2.935709674141244
2025-01-29 15:00:00,13.421382282988569,3.141176073857492,0.14033843276629582,3.013459317385071
2025-01-29 16:00:00,14.428733103058558,2.3536985000164634,0.14920611575594298,2.8495367114882306
2025-01-29 17:00:00,13.305145253289945,1.1360164394181564,0.29699534051279297,3.9962477327033477
2025-01-29 18:00:00,11.320843902024702,5.1788787991232e-16,0.28994398624310536,4.820859135371421
2025-01-29 19:00:00,12.82483072049213,0.0,0.30360164183945765,4.604807297390637
2025-01-29 20:00:00,8.740698159353478,0.0,0.29462354242220185,5.26970785380952
2025-01-29 21:00:00,10.664876217610075,0.0,0.30655403829850236,4.392821659255299
2025-01-29 22:00:00,10.153868826352582,0.0,0.13929808437105667,3.868329735783791
2025-01-29 23:00:00,8.500196012915131,0.0,0.1671904061284182,3.761045656681578
2025-01-30 00:00:00,9.489199533363177,0.0,0.0910366734140794,3.088473220190449
2025-01-30 01:00:00,7.225552156554841,0.0,0.10219302337200437,2.7976528780116396
2025-01-30 02:00:00,10.787964317457035,0.0,0.10791859310388069,2.782279986419008
2025-01-30 03:00:00,9.601326451775874,0.0,0.09429359569799887,3.3131798316868206
2025-01-30 04:00:00,9.715915469221441,0.0,0.10852468643432951,3.035574800867066
2025-01-30 05:00:00,12.79705670344777,0.0,0.08770816402199584,3.066637401726164
2025-01-30 06:00:00,10.943484464185861,0.0,0.11452117699182561,3.547610682592808
2025-01-30 07:00:00,10.663765190762224,1.0490836580488816,0.15014149264965757,4.560879164806519
2025-01-30 08:00:00,11.165056239714144,2.22738217127633,0.1440358859203112,4.656502861744389
2025-01-30 09:00:00,15.030335270578101,3.305573094860561,0.14700818227572565,3.5034221422389002
2025-01-30 10:00:00,12.677432182608891,4.050861204628094,0.15808919269392718,3.578570806009858
2025-01-30 11:00:00,17.529968751843754,4.224112078663055,0.1441554470814956,2.4106067558098125
2025-01-30 12:00:00,11.877105888174416,4.941691986658031,0.14250642310577222,3.075632312222113
2025-01-30 13:00:00,17.442462031302263,4.025357784804872,0.14778463402416261,2.2893940170218907
2025-01-30 14:00:00,14.914602412157244,3.8974256065839445,0.1382303788723003,2.713422316918945
2025-01-30 15:00:00,13.976250675754054,3.316955869578405,0.16820543907941815,2.9563078811176764
2025-01-30 16:00:00,12.682621369786576,2.3485679029459043,0.14433605408785277,4.038809190326357
2025-01-30 17:00:00,13.37516130683567,1.2031562958172843,0.30831616786180405,3.69009608019494
2025-01-30 18:00:00,11.943547946362727,5.235718026036227e-16,0.3020947008364777,4.194334001600847
2025-01-30 19:00:00,12.87849568771722,0.0,0.2901546594951803,4.535962882270417
2025-01-30 20:00:00,10.67134147299306,0.0,0.2999404529078727,4.375516229045667
2025-01-30 21:00:00,10.104132298633175,0.0,0.3078400277931075,3.989651763237837
2025-01-30 22:00:00,8.8565054703259,0.0,0.14811738664913693,3.710095732236843
2025-01-30 23:00:00,9.016804085551193,0.0,0.16193112945851026,3.2973387646377574
2025-01-31 00:00:00,9.599409502584766,0.0,0.11021515392781864,2.8176504332416705
2025-01-31 01:00:00,6.674676781394535,0.0,0.10918914854658329,3.4659638129990293
2025-01-31 02:00:00,7.517352504734792,0.0,0.09540343227727004,3.1733433820226837
2025-01-31 03:00:00,11.131282646721107,0.0,0.08920157552218513,2.8542485678693263
2025-01-31 04:00:00,10.89400500643859,0.0,0.09386412394637206,3.2345688793208547
2025-01-31 05:00:00,11.085274709410099,0.0,0.1019624094066672,3.163481237101787
2025-01-31 06:00:00,12.165357748844768,0.0,0.10545786713532355,3.557043971473409
2025-01-31 07:00:00,13.435536542596745,1.216356225735619,0.12828428595239552,3.944634080764605
2025-01-31 08:00:00,12.828067328782636,2.419077487494321,0.1499188679838825,3.7323294794485227
2025-01-31 09:00:00,13.091570104702853,3.396100180771306,0.15158089225323185,3.4358666393819592
2025-01-31 10:00:00,15.029550943246516,4.296282873386392,0.14722455743684448,3.3360804204150707
2025-01-31 11:00:00,13.567925161691335,4.381376839033803,0.1629127383901588,3.120553652294292
2025-01-31 12:00:00,15.750085982818385,4.488495632659905,0.1542178007425087,2.9007298000290436
2025-01-31 13:00:00,12.481608921757122,4.251896530785727,0.16310191908080895,2.814378749892204
2025-01-31 14:00:00,16.27951651658846,3.597201962574959,0.14784039479649766,2.551239453516165
2025-01-31 15:00:00,14.967923416425887,3.233321582073533,0.15937477492506924,2.731828933978284
2025-01-31 16:00:00,14.021751450717492,2.138506262162989,0.1663506639452752,3.3504777836539703
2025-01-31 17:00:00,14.388200460472511,1.2737281109668257,0.3131169344927266,4.107567503110574
2025-01-31 18:00:00,14.635918515940542,5.612789948339532e-16,0.2890785840657127,3.788571640513685
2025-01-31 19:00:00,12.882804811466311,0.0,0.2974632392245762,4.696787079075154
2025-01-31 20:00:00,7.876395502249212,0.0,0.296548352945502,5.451624744662456
2025-01-31 21:00:00,8.097021055583484,0.0,0.30489254535076327,4.585404410246866
2025-01-31 22:00:00,8.602402771349844,0.0,0.15686353555014532,4.270965579600133
2025-01-31 23:00:00,9.279065945695724,0.0,0.14161107325974262,3.3244626926008505
2025-02-01 00:00:00,10.05186142368565,0.0,0.10067838513916938,2.9478703242668334
2025-02-01 01:00:00,8.288979694384564,0.0,0.07980072667843864,3.1753086138288613
2025-02-01 02:00:00,9.957446828344269,0.0,0.1144194500580189,2.538251659534859
2025-02-01 03:00:00,9.02097815089234,0.0,0.09487625759323307,2.909752456773234
2025-02-01 04:00:00,9.858096188494045,0.0,0.10055863939844498,2.960656366697216
2025-02-01 05:00:00,9.38892411240207,0.0,0.0969035028601194,3.6847210293055417
2025-02-01 06:00:00,10.89052302381561,0.0,0.11146027575013416,3.9373639393546633
2025-02-01 07:00:00,11.02430311986503,1.2646140372094599,0.1216249355860262,4.225637382815135
2025-02-01 08:00:00,12.311563013515968,2.0983267924764792,0.1498338965767409,4.3474441367757075
2025-02-01 09:00:00,15.977155931453368,3.3498661106184886,0.14894181242502302,3.5337475594176593
2025-02-01 10:00:00,13.449350771087367,3.712234823189501,0.14546363612408317,3.696867309222532
2025-02-01 11:00:00,19.12172346910526,4.638994312078693,0.1672622654563563,2.492059504110287
2025-02-01 12:00:00,16.0153497443033,4.9972378999036025,0.1411267054114423,2.467626931165723
2025-02-01 13:00:00,15.450404557391483,3.892706199164227,0.1577179617723566,2.3733857717902365
2025-02-01 14:00:00,13.585912434063463,4.24124325140172,0.15356252788706082,2.847414095494831
2025-02-01 15:00:00,15.447158055655095,3.2686933972276,0.16261519252535517,2.6291755426653913
2025-02-01 16:00:00,12.911916153625306,2.4866913095824104,0.14332810915222494,3.6194988504276293
2025-02-01 17:00:00,13.234844750257572,1.1556294996998582,0.2926703110087624,3.686088991843258
2025-02-01 18:00:00,16.115499700385158,5.936338113399746e-16,0.31096069907477397,3.816037211059819
2025-02-01 19:00:00,11.35482590808743,0.0,0.3042532130833011,4.934906646991585
2025-02-01 20:00:00,12.49928288241048,0.0,0.2845506265332324,4.452052070111029
2025-02-01 21:00:00,9.099287911733494,0.0,0.2946069498553673,4.317947260436371
2025-02-01 22:00:00,9.624813945883208,0.0,0.1538638265384806,3.9961731925046515
2025-02-01 23:00:00,12.033796367568026,0.0,0.15837764221546588,2.998285189064846
2025-02-02 00:00:00,8.47250675110438,0.0,0.09320769346807045,3.103762132949255
2025-02-02 01:00:00,12.23385269591422,0.0,0.0708574401018306,2.9750645031818173
2025-02-02 02:00:00,10.876509029615928,0.0,0.10523223185737034,3.1793108804161445
2025-02-02 03:00:00,9.447936830384986,0.0,0.08779679310056025,3.406632622858222
2025-02-02 04:00:00,11.861568946369312,0.0,0.07982661201877589,2.883189496242199
2025-02-02 05:00:00,13.095331876918564,0.0,0.07167674075015859,3.321679462953951
2025-02-02 06:00:00,13.345672281111826,0.0,0.10813980860197742,3.278524841788571
2025-02-02 07:00:00,10.834077393257907,1.156690060824124,0.15128617450404966,4.002276606522271
2025-02-02 08:00:00,12.822251574048728,2.134281083726821,0.14774343619287747,3.651249759615763
2025-02-02 09:00:00,14.162999728018418,2.8998294288284088,0.16389024362962762,4.118849826753914
2025-02-02 10:00:00,14.899383405489278,3.6091531532007743,0.1563732468302307,3.109681089371179
2025-02-02 11:00:00,16.241742962979252,4.005960575572515,0.16616300042721915,2.67598614407695
2025-02-02 12:00:00,15.679508839185912,4.973076797912299,0.13607264527833002,2.314290161908801
2025-02-02 13:00:00,13.307718278588084,4.597123547296598,0.14965449376046036,2.8226597015651547
2025-02-02 14:00:00,15.581330325648292,4.302207628864847,0.13383286625051985,2.3959471208338976
2025-02-02 15:00:00,15.45015629927141,3.139370604718204,0.1477061766814453,2.4520921386674264
2025-02-02 16:00:00,14.75264300968259,2.139184240831328,0.14751384146233323,3.2916578650983537
2025-02-02 17:00:00,14.810585561425526,1.2418896634236043,0.30626613637263067,3.436683917684259
2025-02-02 18:00:00,13.663840569609388,5.298133013027787e-16,0.30045563881141896,4.1625384126354525
2025-02-02 19:00:00,12.325270321321122,0.0,0.3062340713827991,4.259590143453025
2025-02-02 20:00:00,10.807708770598062,0.0,0.30703440133138893,4.3879581840055994
2025-02-02 21:00:00,7.8001955939524015,0.0,0.32154928677383143,4.6003224557448235
2025-02-02 22:00:00,10.459308455131593,0.0,0.14684703344713876,3.325115097279168
2025-02-02 23:00:00,9.826711389663492,0.0,0.1405897729933362,3.088358524306264
2025-02-03 00:00:00,9.95778767021162,0.0,0.10246083615316409,2.965094890289898
2025-02-03 01:00:00,7.73751907182089,0.0,0.09197719972860458,3.1260575688401744
2025-02-03 02:00:00,8.33075839245285,0.0,0.11481960768436536,3.575379814905445
2025-02-03 03:00:00,12.008828350858273,0.0,0.09716781961054768,3.151625307552237
2025-02-03 04:00:00,10.991086683633577,0.0,0.0943442363212601,2.8704880306070386
2025-02-03 05:00:00,12.796213325169933,0.0,0.09528684278848883,3.2228606318475888
2025-02-03 06:00:00,12.59289697861425,0.0,0.10718417423471642,3.7085049550179057
2025-02-03 07:00:00,13.371510758969741,1.0753738015024399,0.14842253016768514,3.7596694059763824
2025-02-03 08:00:00,15.457845123382556,2.0413684178090947,0.14358333179869617,3.505961396920936
2025-02-03 09:00:00,13.897672665652141,3.1710472268098,0.1666535191762353,3.81365574399655
2025-02-03 10:00:00,15.29267679118335,3.7260045945050417,0.1414383015933825,3.200712717940284
2025-02-03 11:00:00,14.7547839602282,4.407913995158513,0.15035566074032994,2.7925748409623647
2025-02-03 12:00:00,14.898675073270086,4.803804890483475,0.1565230615161023,2.678518455837254
2025-02-03 13:00:00,14.984438708082806,3.996178571899508,0.13368664889582926,2.33227427895864
2025-02-03 14:00:00,15.481696283222444,3.9670017743161337,0.15480260501405924,2.252630428552639
2025-02-03 15:00:00,13.953616825482985,3.1858757971670686,0.1394489232451955,2.9144568476785935
2025-02-03 16:00:00,15.93405360277884,2.0720393930065995,0.15822782780834002,3.138750099603367
2025-02-03 17:00:00,11.984965596396867,1.1967788725801147,0.29037348988081024,3.827175329669733
2025-02-03 18:00:00,12.27011194817652,5.233700058439951e-16,0.3069276903184886,4.682885114468711
2025-02-03 19:00:00,11.114365691699735,0.0,0.31105833066294714,4.4721802943775915
2025-02-03 20:00:00,13.22088624094916,0.0,0.308614365256328,4.267545818259861
2025-02-03 21:00:00,10.72393123562628,0.0,0.302513166482381,4.162166637560341
2025-02-03 22:00:00,11.500110012268197,0.0,0.147686990570703,3.465881375512975
2025-02-03 23:00:00,7.4243013759958965,0.0,0.14423580423665155,3.55986477616048
2025-02-04 00:00:00,10.08829378870346,0.0,0.11471034690817104,3.324122835759062
2025-02-04 01:00:00,11.124387104467523,0.0,0.09300504779832357,2.6581779663334086
2025-02-04 02:00:00,10.213068162459393,0.0,0.08962933926430004,3.4393396598071813
2025-02-04 03:00:00,12.164618608937957,0.0,0.1066536893503283,2.8535765233240107
2025-02-04 04:00:00,10.411785714749014,0.0,0.09203863196813505,3.1319996668858154
2025-02-04 05:00:00,14.025282414870379,0.0,0.09049936502533873,3.0591928880803723
2025-02-04 06:00:00,16.13606557532845,0.0,0.08556395737830236,3.639453761886702
2025-02-04 07:00:00,12.919917684547647,1.2584307307368492,0.1451709016053948,3.7346377457256246
2025-02-04 08:00:00,13.519464607798415,2.156937748361235,0.14917284976103506,3.8135917823033956
2025-02-04 09:00:00,16.989115449135767,3.208866628141338,0.152430917276607,3.294169060525742
2025-02-04 10:00:00,17.655152819848958,4.191656552990631,0.15951306244299482,2.958213358856145
2025-02-04 11:00:00,14.801205828036874,4.8194397064063486,0.15526897923665794,2.529002891256933
2025-02-04 12:00:00,15.057438164255787,4.889519311043763,0.1480912778044682,2.5754713591497946
2025-02-04 13:00:00,15.162818955476016,4.222513127746063,0.1480180432362028,2.7997239973553087
2025-02-04 14:00:00,13.269118834701473,3.63312077701724,0.15510157468915184,2.7788207100159394
2025-02-04 15:00:00,13.431060813732916,3.1744799066084806,0.16272570162928568,2.8968098832235802
2025-02-04 16:00:00,12.68150723977147,2.370820725918021,0.15126314199483198,3.3282295549137504
2025-02-04 17:00:00,12.312479177550943,1.1627624369494887,0.2953086914578959,4.202905029621568
2025-02-04 18:00:00,12.6356910588194,5.490313094255753e-16,0.2900713399891445,4.288230944345739
2025-02-04 19:00:00,12.26258335339679,0.0,0.28554794735587774,5.057769586649011
2025-02-04 20:00:00,13.513469129120688,0.0,0.3066626967204352,4.734730512965277
2025-02-04 21:00:00,9.068866985231743,0.0,0.30577978523639554,4.463726214579565
2025-02-04 22:00:00,11.566125776261131,0.0,0.1557736352510666,3.582901208748879
2025-02-04 23:00:00,9.468957644694104,0.0,0.14871340553647944,3.6336500802752454
2025-02-05 00:00:00,9.750618015100828,0.0,0.11406934745891752,3.2093887325752197
2025-02-05 01:00:00,10.93926533896218,0.0,0.09515881505415183,2.689371049789947
2025-02-05 02:00:00,8.542654335882714,0.0,0.10955269237207206,3.0462339478746596
2025-02-05 03:00:00,11.277107855295911,0.0,0.09961257105010457,2.6081829708781865
2025-02-05 04:00:00,11.574491891899063,0.0,0.09391649235320663,3.0558768858322223
2025-02-05 05:00:00,12.787033340284141,0.0,0.10592530307317762,3.245860283044566
2025-02-05 06:00:00,13.258566545441205,0.0,0.10409636118683994,3.2087829680505267
2025-02-05 07:00:00,17.28422092475338,1.1852137974856018,0.15356972759266926,3.318600176723994
2025-02-05 08:00:00,13.368203603202504,2.244812231025122,0.150812784220562,3.786375903125913
2025-02-05 09:00:00,14.149638490636395,3.284330862152665,0.1496210691828317,3.6061195728112834
2025-02-05 10:00:00,14.488179001295649,3.663137398147092,0.17388371992870438,3.44202499973489
2025-02-05 11:00:00,14.889375379706301,4.39753406281732,0.1618425664519617,2.7168803566834603
2025-02-05 12:00:00,14.868732888619702,4.3721732552468975,0.15722826894985512,2.5334829531559437
2025-02-05 13:00:00,17.50611585510801,4.502824799642021,0.15111799158203387,1.8543565971272722
2025-02-05 14:00:00,17.553646162917577,3.5864047913113564,0.1600715720059667,2.2717939944499848
2025-02-05 15:00:00,14.090014482514908,3.2320984174196434,0.1551799477639145,2.8674178707958666
2025-02-05 16:00:00,13.076280219923134,2.0926351776916614,0.15026204752774036,3.2586970370256436
2025-02-05 17:00:00,14.308394049466648,1.1073943119299594,0.29696435674734084,3.7458900445448755
2025-02-05 18:00:00,11.996479013158021,5.166429453497846e-16,0.2991908266233731,4.566161920573403
2025-02-05 19:00:00,12.997754170905182,0.0,0.2682957426412194,4.437296274646285
2025-02-05 20:00:00,11.62919811085643,0.0,0.3021060083929764,4.27891857681376
2025-02-05 21:00:00,8.429877063523989,0.0,0.2951152391988964,4.850169731989501
2025-02-05 22:00:00,12.547995170221256,0.0,0.16592669998282883,3.340725358146939
2025-02-05 23:00:00,12.620852610355556,0.0,0.15019344070811755,3.0299387021101816
2025-02-06 00:00:00,9.042481323468243,0.0,0.08811036580465038,3.277573382129728
2025-02-06 01:00:00,9.482334540423642,0.0,0.09950119845871883,3.7312121293405514
2025-02-06 02:00:00,10.792386233928864,0.0,0.08953878914937496,2.6326798567586884
2025-02-06 03:00:00,11.342029200615716,0.0,0.10473407415712467,2.954827339121771
2025-02-06 04:00:00,12.449480768204069,0.0,0.10290947364339485,2.727554775949989
2025-02-06 05:00:00,15.200514032036786,0.0,0.10957839631108268,2.715158962427528
2025-02-06 06:00:00,12.696243517953748,0.0,0.09209118208305435,3.402204454719918
2025-02-06 07:00:00,12.540675627694704,1.2540095521905161,0.15034008096228146,3.7537343997741504
2025-02-06 08:00:00,12.392685517173032,2.397963193571751,0.13634978204573364,4.164630584608787
2025-02-06 09:00:00,13.986589642841587,2.952257884675045,0.15701494781924713,3.5105448591857806
2025-02-06 10:00:00,15.510050111237442,4.046732861986193,0.15518871180440122,3.398558567798989
2025-02-06 11:00:00,18.551278633338708,4.076694068015613,0.1549580502102757,2.5013024027905475
2025-02-06 12:00:00,15.185247410640565,4.218207534552173,0.15001619031356941,2.6401533963001875
2025-02-06 13:00:00,16.195123765520375,4.7079918050220355,0.15414772890788792,2.2439002710780067
2025-02-06 14:00:00,15.53510622643901,3.6803212707470507,0.16604339108308597,2.40317995804013
2025-02-06 15:00:00,16.865574612926594,3.014571108598441,0.14714905742957984,2.6007181001488595
2025-02-06 16:00:00,18.252062998005254,2.0003266953806493,0.15138645183710084,2.580832386941887
2025-02-06 17:00:00,12.941818335121905,1.2606219084227848,0.2891387370081859,3.8760839029200724
2025-02-06 18:00:00,12.22750519541749,5.869235897606775e-16,0.29131739038401666,4.330457099825888
2025-02-06 19:00:00,13.751448539490866,0.0,0.30097813293093306,4.3317128180796685
2025-02-06 20:00:00,12.484501593634292,0.0,0.31103933546701906,4.049567019555645
2025-02-06 21:00:00,13.61040500423923,0.0,0.2974371917574843,4.135256810462309
2025-02-06 22:00:00,11.239480425830452,0.0,0.14764083470687875,3.487093917785136
2025-02-06 23:00:00,9.524948744147029,0.0,0.14593114755495626,3.653474397725293
2025-02-07 00:00:00,10.984212422944582,0.0,0.09465243329155677,3.0561561674673627
2025-02-07 01:00:00,11.863508068913275,0.0,0.10294971455708822,2.4824603271043997
2025-02-07 02:00:00,11.730877237348848,0.0,0.08502742354821356,2.551275979191495
2025-02-07 03:00:00,11.737820880007423,0.0,0.11280939576666728,3.329467486720601
2025-02-07 04:00:00,13.198242211289848,0.0,0.0933457770187054,3.1293990482239455
2025-02-07 05:00:00,14.075716427267064,0.0,0.10721903485438142,2.9515890332496157
2025-02-07 06:00:00,15.171468663462408,0.0,0.08730001402606125,3.3006944627437065
2025-02-07 07:00:00,14.847752143598145,1.2703963436656391,0.1566884013054622,3.5758469308364162
2025-02-07 08:00:00,14.347553056430836,2.234034527117145,0.15671944607814497,4.024775295094851
2025-02-07 09:00:00,15.439621050115743,3.1581506016992424,0.15384202072005895,3.4876452475780346
2025-02-07 10:00:00,17.50606983802197,4.122779443003699,0.14005571478200207,2.563203934422795
2025-02-07 11:00:00,14.770604149292469,4.01293131496495,0.15249548189598078,2.6135181603665663
2025-02-07 12:00:00,16.65124014021547,4.487265354100051,0.13816943815265612,2.383965823741028
2025-02-07 13:00:00,15.405999437282281,4.27903712839824,0.14747236744903813,2.2056194657553054
2025-02-07 14:00:00,15.73942362266166,3.981041436941671,0.16029413100955325,2.4386471643530547
2025-02-07 15:00:00,17.137228314376706,3.5352211549018264,0.15796701927070742,2.2956746670548083
2025-02-07 16:00:00,14.884878778935972,2.384724447041023,0.15015182942540434,3.030986275450337
2025-02-07 17:00:00,13.944342134447904,1.1382514017440977,0.29025193424077156,3.998012195166258
2025-02-07 18:00:00,11.058445965436238,5.912047393181448e-16,0.30645587712174194,4.692163019727349
2025-02-07 19:00:00,13.441153390639386,0.0,0.30019381237698023,4.54512911379738
2025-02-07 20:00:00,12.56645644861773,0.0,0.2767968440176958,4.637492879696891
2025-02-07 21:00:00,14.221791918304666,0.0,0.30782629826316515,3.890146781547926
2025-02-07 22:00:00,10.0384866131233,0.0,0.14975767166130308,4.057833584191021
2025-02-07 23:00:00,10.529178189534822,0.0,0.1620245124798307,3.2083198007830194
2025-02-08 00:00:00,10.608546090880381,0.0,0.08904729481157196,2.801550667330707
2025-02-08 01:00:00,12.702873006092254,0.0,0.06823296186804,2.378714622667952
2025-02-08 02:00:00,10.493451055380504,0.0,0.10279083858345185,2.831653224687781
2025-02-08 03:00:00,11.531682510410114,0.0,0.10291563676681974,3.0350574780616304
2025-02-08 04:00:00,12.646315329889058,0.0,0.08309328372393548,3.1054425600590383
2025-02-08 05:00:00,12.737927114741225,0.0,0.09021500454133394,3.310488487035671
2025-02-08 06:00:00,12.564820143488456,0.0,0.12755217743719902,3.2031792905472236
2025-02-08 07:00:00,14.302062689969272,1.1486851506753664,0.14694389385846196,3.9841279883934657
2025-02-08 08:00:00,16.344918190103908,2.419590197490149,0.15730958976376216,3.3309172115596004
2025-02-08 09:00:00,13.816017959757302,2.9420447486941743,0.14349340172631617,4.005537463390012
2025-02-08 10:00:00,16.03200128788788,3.485727708905841,0.12909697101146844,3.0730060079843513
2025-02-08 11:00:00,15.082066821772692,4.297441448105006,0.14829741753204093,2.9809604597579207
2025-02-08 12:00:00,18.02704050870151,4.237478556752258,0.14734395439713893,1.9514064214178544
2025-02-08 13:00:00,13.84746768700579,3.9116271097194044,0.14600121761331628,2.853090249430231
2025-02-08 14:00:00,14.994164005760183,4.0916221390864855,0.14885359164493606,2.2485388621429614
2025-02-08 15:00:00,15.921608721470674,2.90733529174891,0.15264268271645637,2.522790243919469
2025-02-08 16:00:00,17.08275660916576,2.3041597500038855,0.14849883048746193,2.724092794769354
2025-02-08 17:00:00,13.91230230901233,1.1080172083745803,0.28735993832052636,3.4803669423713886
2025-02-08 18:00:00,12.40167127527445,5.111058579321399e-16,0.3048618479156194,4.500385386536436
2025-02-08 19:00:00,15.27974903416757,0.0,0.2805062824467758,4.687648344404059
2025-02-08 20:00:00,9.562449714689885,0.0,0.27949642542715797,5.355561937618104
2025-02-08 21:00:00,7.814941286824483,0.0,0.3073918049470157,4.582278296073328
2025-02-08 22:00:00,11.29641602904093,0.0,0.15507020272135355,3.840905651044137
2025-02-08 23:00:00,9.583611749918127,0.0,0.14942604634925963,3.460178553585758
2025-02-09 00:00:00,8.838495927755751,0.0,0.08604551495244929,3.199660321564807
2025-02-09 01:00:00,11.535102345533645,0.0,0.09292089059325925,2.710639224987806
2025-02-09 02:00:00,11.137970012755304,0.0,0.09737253252313496,2.8791224783618095
2025-02-09 03:00:00,10.402906863787084,0.0,0.08404106031425887,3.0850523177171905
2025-02-09 04:00:00,9.94988855544548,0.0,0.09260971341976768,3.053324352764575
2025-02-09 05:00:00,13.902574010564477,0.0,0.1065233033817668,2.9631709659409493
2025-02-09 06:00:00,14.345646920389813,0.0,0.11427305364289217,3.3366324268294507
2025-02-09 07:00:00,13.998038493090307,1.0402339848889333,0.14580565247341448,3.9692625129529
2025-02-09 08:00:00,17.64030064752332,2.413429280486376,0.15756488354316098,3.329968606998149
2025-02-09 09:00:00,13.886538347522235,3.1994712524668363,0.13085939929412532,3.8071431103122197
2025-02-09 10:00:00,13.680133608418029,4.1354826581596,0.15659451241113612,3.811188128645484
2025-02-09 11:00:00,15.23026052749716,4.090141046550706,0.14196051585272518,3.055482582801401
2025-02-09 12:00:00,16.301966128918576,4.345083745513234,0.1530734561670797,2.6914959653042794
2025-02-09 13:00:00,16.633131806303066,3.892781412796492,0.1475224758176029,2.2894633966089355
2025-02-09 14:00:00,15.606567278020641,4.29677839376269,0.16320414009783835,2.5322449314298887
2025-02-09 15:00:00,16.01974859178291,3.3006810505112,0.1412556435166008,2.8451516749932213
2025-02-09 16:00:00,12.993036017166155,2.466602543879653,0.1562760629756183,3.7265292972693
2025-02-09 17:00:00,16.312449194869274,1.1039917070590264,0.29720492536703463,3.152885704056478
2025-02-09 18:00:00,13.247118385862967,5.647414150872001e-16,0.29841694521990336,4.116937958338152
2025-02-09 19:00:00,14.26983176552645,0.0,0.2981614610684079,4.709509413354131
2025-02-09 20:00:00,12.384433173018378,0.0,0.2915432689550589,4.428165007000922
2025-02-09 21:00:00,11.934154638622854,0.0,0.29985901034093326,3.934197378588659
2025-02-09 22:00:00,11.62691986244681,0.0,0.14937351777878177,3.3270767386228064
2025-02-09 23:00:00,11.144130514610588,0.0,0.1524124024840673,3.115494033928134
2025-02-10 00:00:00,11.469897818547269,0.0,0.10084505145692862,2.503641599031417
2025-02-10 01:00:00,12.601764995077396,0.0,0.10797994549612237,3.069288291814499
2025-02-10 02:00:00,11.202519221944844,0.0,0.1092350861604737,2.8278739777784296
2025-02-10 03:00:00,12.447998971569078,0.0,0.089493766781722,2.7205554155095224
2025-02-10 04:00:00,11.871210137315114,0.0,0.10868772500590772,3.0560730437490515
2025-02-10 05:00:00,14.889532366612602,0.0,0.08813663572890146,3.052703857047086
2025-02-10 06:00:00,12.491225225657049,0.0,0.10587855888137736,3.7600266853078077
2025-02-10 07:00:00,16.98368146341974,1.1964400927940366,0.1561973878470287,3.6604290818287777
2025-02-10 08:00:00,14.945576752779438,2.4950544230434324,0.13088683108337495,3.740372798534779
2025-02-10 09:00:00,13.480971369128525,3.0489591886873546,0.1509297924652941,3.8065462284496228
2025-02-10 10:00:00,16.296046512465452,3.75852588575465,0.14531503886639685,3.268683817437709
2025-02-10 11:00:00,15.382013671400836,3.939952913174191,0.14241234742064623,2.698982362687848
2025-02-10 12:00:00,17.766779002229036,4.442798136543738,0.16350852330699006,2.244861284323838
2025-02-10 13:00:00,15.424655188659571,4.1158568185612125,0.1434632085936258,2.509346975575511
2025-02-10 14:00:00,15.434614740277098,3.7614832225453565,0.1419362307088195,2.645716739683984
2025-02-10 15:00:00,12.7928229258873,3.418558497022942,0.15075694940005094,2.6763993290860695
2025-02-10 16:00:00,14.327354199872339,2.4677422567637475,0.15685589746298417,3.3973091394161608
2025-02-10 17:00:00,10.64645182411008,1.083347436750424,0.2985835141398987,4.176381159553813
2025-02-10 18:00:00,11.129959443517368,5.354779067270166e-16,0.31166370545669253,4.77557683500247
2025-02-10 19:00:00,13.869978527654837,0.0,0.3053097566196409,4.650989320089161
2025-02-10 20:00:00,13.184513916722203,0.0,0.27821788680268567,4.709116201134055
2025-02-10 21:00:00,12.022679677863758,0.0,0.2947053303649299,4.328609261255606
2025-02-10 22:00:00,9.457273252698819,0.0,0.144381579006483,4.107580861713745
2025-02-10 23:00:00,10.536469165665778,0.0,0.15479360953429422,3.5881507999435804
2025-02-11 00:00:00,10.6354321903131,0.0,0.07375182943625888,2.9425271280674714
2025-02-11 01:00:00,9.005511486292933,0.0,0.12549009708717723,3.0890568757295074
2025-02-11 02:00:00,13.297857240246362,0.0,0.10531026094894211,2.7554840426140292
2025-02-11 03:00:00,12.835559091252817,0.0,0.10148876803917692,2.8320544997866213
2025-02-11 04:00:00,11.809389738204457,0.0,0.11181567716419147,2.8840629092611114
2025-02-11 05:00:00,12.904707622133188,0.0,0.12343654052812625,3.1793784742929554
2025-02-11 06:00:00,13.953410210870281,0.0,0.10870746644588404,3.388367562414373
2025-02-11 07:00:00,11.35469083162008,1.2296951296993737,0.1594881309647162,3.9503969871712106
2025-02-11 08:00:00,14.770069925168057,2.3769340413549562,0.15130690024464383,4.145694876281587
2025-02-11 09:00:00,14.739179970511898,3.2370578493196196,0.14858474246633052,3.7261744057810082
2025-02-11 10:00:00,14.736482195459894,4.247300154443214,0.145242045559951,3.7117668559296906
2025-02-11 11:00:00,16.116963038487224,4.653258655480596,0.14173888008285457,2.391167796925439
2025-02-11 12:00:00,19.337365789223234,4.757048114698625,0.143129859003005,2.106540336428094
2025-02-11 13:00:00,17.499877769716672,3.917414114631707,0.13649444035657016,2.18709528030187
2025-02-11 14:00:00,15.382143725628072,3.470058105146241,0.14924128549314977,2.722452464505575
2025-02-11 15:00:00,16.621030514542834,2.9786500350957272,0.13315332422773613,2.6524444854418827
2025-02-11 16:00:00,17.239869153827957,2.3317617969567257,0.1519091652414371,2.9669527657998476
2025-02-11 17:00:00,15.80424365862567,1.1417019218312192,0.2996366939195766,3.378738192471458
2025-02-11 18:00:00,13.730281553829213,5.391392733997175e-16,0.30146935298386685,4.090658360146278
2025-02-11 19:00:00,11.893973697083029,0.0,0.2947786842998001,4.797224493344793
2025-02-11 20:00:00,13.18817096936934,0.0,0.33076860370180505,4.114273143828896
2025-02-11 21:00:00,12.109743733521935,0.0,0.31360115900180313,3.9410952949945184
2025-02-11 22:00:00,12.385549617637235,0.0,0.13755457499915277,3.5870568312162474
2025-02-11 23:00:00,11.695816222604702,0.0,0.15232868087426898,2.963830234822307
2025-02-12 00:00:00,12.349701177012326,0.0,0.09391993857062678,2.9996102451727364
2025-02-12 01:00:00,10.074741807825266,0.0,0.08985520273292587,3.1990994885858375
2025-02-12 02:00:00,13.153386991131496,0.0,0.08659927928876066,2.283973056204486
2025-02-12 03:00:00,11.95045116751228,0.0,0.10432216690759255,2.605377011712484
2025-02-12 04:00:00,15.388263412971222,0.0,0.09318619764930426,2.059255866737762
2025-02-12 05:00:00,11.965133241591408,0.0,0.10967826024025204,3.054644445686689
2025-02-12 06:00:00,16.379317808781195,0.0,0.1099378221453044,3.257555639336462
2025-02-12 07:00:00,14.848695414534857,1.2254889864539904,0.1637391438521145,3.6191240304584773
2025-02-12 08:00:00,14.29824509861165,2.2657274570946524,0.14147613233925896,4.0363811559162786
2025-02-12 09:00:00,15.170863696511482,3.0320352291634687,0.1547536561069201,3.3588656464986917
2025-02-12 10:00:00,15.892927353095159,3.890895894825673,0.156324542166423,3.32284683639007
2025-02-12 11:00:00,17.309398502503402,4.153425096744497,0.14525821824896035,2.4621521496977943
2025-02-12 12:00:00,17.559625336086572,4.596081955238306,0.14228228042607124,2.27317498712296
2025-02-12 13:00:00,15.81259957699266,4.282764354820716,0.16609520665775973,2.3644659958119667
2025-02-12 14:00:00,16.336916426995163,3.6064809798426856,0.15227495875732053,2.126093816637285
2025-02-12 15:00:00,19.110097985510762,2.9108638073361,0.15635967750711738,2.176457406318629
2025-02-12 16:00:00,17.86668685918439,2.273347841036065,0.14177923988172073,3.0231989841216107
2025-02-12 17:00:00,15.206314743851934,1.2688378599732628,0.2878071553347781,3.7557408522554754
2025-02-12 18:00:00,13.832377321285623,5.319813876474411e-16,0.2943055022550789,4.5198049558080875
2025-02-12 19:00:00,13.178961958803152,0.0,0.2987597861261,4.643456616980901
2025-02-12 20:00:00,13.195649063128949,0.0,0.2893577999318265,4.414795098303258
2025-02-12 21:00:00,10.119862912676073,0.0,0.29990155191349616,3.9410544198205346
2025-02-12 22:00:00,10.79123108654499,0.0,0.13311494811931499,3.6241182497779114
2025-02-12 23:00:00,8.374718514349734,0.0,0.13879952577530127,3.553349950187509
2025-02-13 00:00:00,11.508216811955519,0.0,0.10670911248276875,3.170138616161707
2025-02-13 01:00:00,11.982398558734506,0.0,0.10603790520277895,2.862784736048886
2025-02-13 02:00:00,10.586526223245222,0.0,0.09608123234613133,3.213492584360405
2025-02-13 03:00:00,14.149041929423007,0.0,0.08982235690923047,2.64752791009854
2025-02-13 04:00:00,10.570733633544087,0.0,0.08972596448473989,2.952254243778112
2025-02-13 05:00:00,10.936362672425307,0.0,0.09626731754058686,3.358040029726218
2025-02-13 06:00:00,14.246059855887559,0.0,0.10644518491645293,3.4075136276220652
2025-02-13 07:00:00,16.256486717273393,1.0623109990414081,0.15928245691344323,3.345136948630688
2025-02-13 08:00:00,17.935273665234405,2.28842869056635,0.1450346826451803,3.4309008038797706
2025-02-13 09:00:00,15.342376077303832,3.1565117298664465,0.13846507574015215,3.6015976257245237
2025-02-13 10:00:00,18.125479589547858,3.566906707508918,0.15267843637866332,3.2315270343581313
2025-02-13 11:00:00,16.749396902663744,4.810859480112709,0.1417646502937415,2.2242260821860276
2025-02-13 12:00:00,16.650441178136372,4.214695887463355,0.14481747361138797,2.6210068337636114
2025-02-13 13:00:00,18.132649513144813,3.928646536115117,0.16325276090437038,1.93319379833782
2025-02-13 14:00:00,17.485942657021045,3.9792545571610116,0.1582711542856577,1.9681045357587124
2025-02-13 15:00:00,13.666114236130868,3.3508847625397293,0.15157974312251452,3.163128990338574
2025-02-13 16:00:00,17.624192652636445,2.0162217230235933,0.13728080998887277,3.005119008953555
2025-02-13 17:00:00,16.755976294576342,1.2057648506575993,0.30211396567470655,3.7408867751444452
2025-02-13 18:00:00,12.971038075783305,5.550456738685502e-16,0.31062657290787526,4.573296246466796
2025-02-13 19:00:00,13.72663029289615,0.0,0.29624366334234464,4.924773770136718
2025-02-13 20:00:00,13.150427407471708,0.0,0.31351114089986715,4.503368337409181
2025-02-13 21:00:00,12.17907243322382,0.0,0.31292745289518203,4.007855925863527
2025-02-13 22:00:00,10.485848185926153,0.0,0.16663732832143474,3.7834228126686744
2025-02-13 23:00:00,10.004169597273318,0.0,0.15305243126531354,3.611986509986621
2025-02-14 00:00:00,11.004495254442327,0.0,0.10587391699806013,2.6840886983567516
2025-02-14 01:00:00,12.904142410951337,0.0,0.1141418728833109,2.4844064308568545
2025-02-14 02:00:00,12.260150381467827,0.0,0.10447393937068976,2.6436534461122045
2025-02-14 03:00:00,11.365584519240695,0.0,0.09498765892209787,2.441118698388405
2025-02-14 04:00:00,13.700374426902012,0.0,0.09551457163472139,2.7465736756485666
2025-02-14 05:00:00,8.99355529467682,0.0,0.1023855495377374,3.1905263310358607
2025-02-14 06:00:00,15.765974911487652,0.0,0.08709438578053783,3.1884909542837314
2025-02-14 07:00:00,12.20971282806991,1.0489328340638937,0.14856741084635808,4.191638880516293
2025-02-14 08:00:00,14.999164948824797,2.346005627973327,0.16096547118230253,3.7647360330387403
2025-02-14 09:00:00,14.484641862549921,3.1522318220124284,0.12808746148834718,4.081102304267802
2025-02-14 10:00:00,14.698880358701453,3.6602750977915806,0.16534482101794515,3.014437244917236
2025-02-14 11:00:00,18.68184402086448,4.456753080610426,0.1612237421870316,2.728553951910239
2025-02-14 12:00:00,16.341274558961658,4.252858118250112,0.14540235384169523,2.5519705552027525
2025-02-14 13:00:00,17.460359662392776,4.421652734762214,0.15543390827871809,1.8421030361804256
2025-02-14 14:00:00,16.570521703964037,3.775185515286342,0.15003147726906327,2.8945297473875833
2025-02-14 15:00:00,16.87970794532382,3.410766488844688,0.16229990368438682,2.528760262126934
2025-02-14 16:00:00,15.65805919751988,2.4103480803833897,0.1598268314276994,2.9191786052895403
2025-02-14 17:00:00,12.894795159954205,1.1588235546314323,0.2859992927681699,3.67190733186606
2025-02-14 18:00:00,15.537226590100206,5.328216695916266e-16,0.3058726241346418,4.061209629707718
2025-02-14 19:00:00,12.525734350879963,0.0,0.2979437214635675,4.631430908353188
2025-02-14 20:00:00,10.20795351293987,0.0,0.300828325705181,4.765249543072037
2025-02-14 21:00:00,11.279333275920985,0.0,0.29271828099030184,4.087560868719706
2025-02-14 22:00:00,13.695889835527646,0.0,0.16748137069120836,3.456277601275245
2025-02-14 23:00:00,12.42038149523253,0.0,0.16040061819902576,2.9958212900296735
2025-02-15 00:00:00,10.652687058661055,0.0,0.09260228836027033,2.4951879234544334
2025-02-15 01:00:00,10.754001224927995,0.0,0.08665389393089767,2.842928790556004
2025-02-15 02:00:00,11.095136472093454,0.0,0.09614327369022152,2.3717515874820556
2025-02-15 03:00:00,15.169466892054462,0.0,0.10434502646091307,2.4763234995820977
2025-02-15 04:00:00,13.248568438620174,0.0,0.10240205843946223,2.5773146665023505
2025-02-15 05:00:00,14.044270595751884,0.0,0.11253132824768244,2.9943383066802185
2025-02-15 06:00:00,15.721090441320607,0.0,0.10789919722180853,3.4460802244221735
2025-02-15 07:00:00,15.310306134120177,1.1348208518307608,0.15969569025752905,3.4567599935096105
2025-02-15 08:00:00,15.28710204154179,2.22956201164334,0.15326855400610437,4.037810125743892
2025-02-15 09:00:00,16.002460830205017,3.0428826348039215,0.1361070126978901,3.4768629407745855
2025-02-15 10:00:00,16.666339582505064,4.271717830271987,0.14804301468853098,3.4210812783576174
2025-02-15 11:00:00,17.017609384375287,3.978304382614256,0.16060089739908665,2.5351581668191954
2025-02-15 12:00:00,18.267109575728313,4.93374942300147,0.14948477071475352,2.0497974938954293
2025-02-15 13:00:00,17.151361567850998,4.524267572716701,0.15503090368623745,2.3598371472666346
2025-02-15 14:00:00,17.87270158744953,3.924456603308845,0.14681251684753865,2.10895135563649
2025-02-15 15:00:00,16.17591073366961,2.8515205680940907,0.13970188151458154,2.4576750818004305
2025-02-15 16:00:00,15.79361804574698,2.237798095911004,0.1487665593595389,2.982840377792656
2025-02-15 17:00:00,11.954821368782245,1.1408091555892537,0.30309047443032655,4.057200319326898
2025-02-15 18:00:00,15.550156772326567,5.096023298637086e-16,0.29344312280538554,4.37209763962146
2025-02-15 19:00:00,13.91894083881227,0.0,0.2976428875514333,4.102909955187387
2025-02-15 20:00:00,14.172680425062321,0.0,0.29060536758014016,4.2735693396994945
2025-02-15 21:00:00,7.709961849422668,0.0,0.31119244917564093,4.700425390075106
2025-02-15 22:00:00,14.710151106090619,0.0,0.14705544242411966,3.2466109017830296
2025-02-15 23:00:00,11.068503339172878,0.0,0.16452755545126183,3.497545669176188
2025-02-16 00:00:00,12.970133688151147,0.0,0.11528747850540909,2.5892180854120115
2025-02-16 01:00:00,9.85022309348937,0.0,0.09918954035278257,2.9443441770213776
2025-02-16 02:00:00,12.628944109285412,0.0,0.08991551267452651,2.779656111096345
2025-02-16 03:00:00,10.606415774724745,0.0,0.07914102122266664,2.9729982704736555
2025-02-16 04:00:00,11.872206022001166,0.0,0.0852796292697321,2.8602564548970646
2025-02-16 05:00:00,16.40244935853749,0.0,0.0862616517510134,2.7819135920800617
2025-02-16 06:00:00,14.021835861899852,0.0,0.11378469627461506,3.2566701190044145
2025-02-16 07:00:00,15.410465908122019,1.1777983504498912,0.15115824587226945,3.512255129279124
2025-02-16 08:00:00,17.112961059078003,2.201603878066626,0.15389604524091988,3.5008569875839997
2025-02-16 09:00:00,17.172702638563422,3.4179024576487342,0.12779578991064874,3.693725669142089
2025-02-16 10:00:00,17.131564032113552,4.169627400943197,0.13802033570782737,2.370412112794339
2025-02-16 11:00:00,17.753078445611415,4.454686688798762,0.15887079776446286,2.5990521690630914
2025-02-16 12:00:00,20.912982840902284,4.373457945132706,0.15286774112382587,2.224750453836812
2025-02-16 13:00:00,17.119208746361696,4.11033930296519,0.14852794721314402,1.8900737039186686
2025-02-16 14:00:00,17.207584244470638,3.5557914643186828,0.15564842358600123,2.3378687385458847
2025-02-16 15:00:00,18.005161400615933,3.0793776833669297,0.16635797806135816,2.502224671032892
2025-02-16 16:00:00,17.46614836248185,2.2065862586038594,0.1477895753646295,2.99563255619671
2025-02-16 17:00:00,16.864862056693006,1.210192024543913,0.3006936980265807,2.9465511306052172
2025-02-16 18:00:00,15.26595479608865,5.704600518742821e-16,0.301925969187313,4.411043732891927
2025-02-16 19:00:00,11.816894958641583,0.0,0.3239210963527399,4.594425668962818
2025-02-16 20:00:00,15.258006761496517,0.0,0.2790064373558097,4.276027596887942
2025-02-16 21:00:00,10.467021029957198,0.0,0.3068322301478881,4.392812325616609
2025-02-16 22:00:00,12.163736449550106,0.0,0.14885197751240936,3.338151528445673
2025-02-16 23:00:00,10.27866820914863,0.0,0.15566771726184178,3.462444841362701
2025-02-17 00:00:00,11.343162277360824,0.0,0.09342627446005276,2.7222250724760837
2025-02-17 01:00:00,12.034735933838329,0.0,0.0995103496914155,2.304837488749061
2025-02-17 02:00:00,12.323329409072407,0.0,0.10711410579465495,2.9314123508247927
2025-02-17 03:00:00,12.950930585043597,0.0,0.13112910201043843,2.516784737641875
2025-02-17 04:00:00,15.359936700838283,0.0,0.10808036189402072,2.3489118285450936
2025-02-17 05:00:00,14.34321411421372,0.0,0.09151934401969491,2.845179839874293
2025-02-17 06:00:00,14.07313484431434,0.0,0.09576240317977297,3.4354672448234824
2025-02-17 07:00:00,16.661957684990412,1.2245987815339625,0.14546585891616146,3.4728574642943615
2025-02-17 08:00:00,17.723575530637273,2.479059004459717,0.13204356827369984,3.6427954402914446
2025-02-17 09:00:00,14.719278418104468,2.9843059892336044,0.14669909808298562,3.4496248702581505
2025-02-17 10:00:00,17.93354611337842,4.23155754217248,0.15732829081821745,2.7699002601535505
2025-02-17 11:00:00,18.388906389583866,4.766171778638783,0.13725767880923204,2.4671024011195657
2025-02-17 12:00:00,16.99302454221033,4.916420544532066,0.1604848265105059,2.7183106044632694
2025-02-17 13:00:00,19.400707496084948,4.47746644284405,0.15487774821084338,2.097790337646945
2025-02-17 14:00:00,16.812362628054842,4.009542301706352,0.14265766678028963,2.540394429420906
2025-02-17 15:00:00,16.74905482101727,3.1135400977169927,0.14858470362662152,2.5648987279013764
2025-02-17 16:00:00,15.679762060824508,2.376198941151894,0.1659832180764103,2.9953393386365974
2025-02-17 17:00:00,15.239195503930077,1.1727851909083535,0.3073354781350586,3.622651844722871
2025-02-17 18:00:00,12.79495716690751,5.728209562139701e-16,0.30008783654898147,4.400601623617
2025-02-17 19:00:00,11.502836338051308,0.0,0.29762316683039014,4.900389192162766
2025-02-17 20:00:00,15.331127392087772,0.0,0.3007660907045166,4.4048618253816665
2025-02-17 21:00:00,11.04760743121318,0.0,0.29488236442057697,4.246863370866699
2025-02-17 22:00:00,10.354205061712536,0.0,0.12895250494280985,3.968050247858391
2025-02-17 23:00:00,8.311507147977537,0.0,0.1704217791053473,3.3734542307069844
2025-02-18 00:00:00,10.611714672004663,0.0,0.10155324999199403,2.8041713315384884
2025-02-18 01:00:00,9.687745124560463,0.0,0.10398147265122537,2.8558913148885026
2025-02-18 02:00:00,14.435103822390154,0.0,0.09942092250123091,2.5073399542960773
2025-02-18 03:00:00,13.963562583993225,0.0,0.09264883199275413,2.478486213335285
2025-02-18 04:00:00,12.03793177577233,0.0,0.0981407551905123,3.064405699507458
2025-02-18 05:00:00,17.172353866247818,0.0,0.08400605237805689,2.400095900911058
2025-02-18 06:00:00,16.042805524026306,0.0,0.12277086498053305,3.153265612856825
2025-02-18 07:00:00,14.859367353583545,1.1605499227969425,0.13765488001577603,3.8379939684300575
2025-02-18 08:00:00,12.321048721228557,2.25704772127563,0.1396803371615282,3.7684247174709347
2025-02-18 09:00:00,20.12789149598467,3.046547138368365,0.145597407956136,3.748162415202459
2025-02-18 10:00:00,15.083874804746838,3.9603707183143606,0.16288075724852377,3.203707714299512
2025-02-18 11:00:00,14.999836651970783,4.1778331986378285,0.15014508999262655,2.445313434612144
2025-02-18 12:00:00,19.104012941553375,4.0392694142416525,0.13763864203969536,2.2495148707121246
2025-02-18 13:00:00,21.12756338191503,4.126433782772995,0.1625433836075734,2.1272415389243267
2025-02-18 14:00:00,19.244642732658008,3.4696260287797065,0.1573100062678548,2.164454616140662
2025-02-18 15:00:00,17.5373413171771,3.5202284290804142,0.15538434957216452,2.660831537190667
2025-02-18 16:00:00,16.962288806036845,2.4828736049098734,0.1571573424117084,3.087656850984042
2025-02-18 17:00:00,16.62673776701694,1.1375498971690687,0.32394361900582447,3.565066896180104
2025-02-18 18:00:00,15.708550178219063,5.790584231948684e-16,0.3218509489503611,4.1746855314547195
2025-02-18 19:00:00,14.215487294185417,0.0,0.293132846569967,4.433270239746909
2025-02-18 20:00:00,13.22645894946673,0.0,0.3162388499281115,4.737597954828891
2025-02-18 21:00:00,12.35494725812999,0.0,0.30383168189758897,3.7222072184278643
2025-02-18 22:00:00,10.841134198885586,0.0,0.15499095816137748,3.7001335504924535
2025-02-18 23:00:00,11.25136719937155,0.0,0.13307729168356672,3.226633898303396
2025-02-19 00:00:00,9.160747975459827,0.0,0.09829614234611804,3.2238695180995935
2025-02-19 01:00:00,11.654896277693577,0.0,0.09187176409663436,2.595922907869082
2025-02-19 02:00:00,10.619220324673215,0.0,0.1082805881489331,2.5536225353678326
2025-02-19 03:00:00,10.923478877369607,0.0,0.11071080500402805,2.946452538385641
2025-02-19 04:00:00,13.470024423483125,0.0,0.0792551364898369,2.8028460928190446
2025-02-19 05:00:00,16.011729490962242,0.0,0.0997796513599573,3.0234910501613452
2025-02-19 06:00:00,16.077658105756377,0.0,0.11121861504794253,2.886404699119943
2025-02-19 07:00:00,13.120889426625704,1.0664347785944794,0.14813321037686555,4.140178490805892
2025-02-19 08:00:00,14.7157409918974,2.469264891736565,0.15729063645002364,4.36760507280422
2025-02-19 09:00:00,18.232660322294873,2.9565430500001186,0.15351165467627084,3.2482831762319226
2025-02-19 10:00:00,15.824528317798759,4.003421882636672,0.15341660231952625,2.913271225810612
2025-02-19 11:00:00,17.261010950624573,4.078791880878049,0.14728685021931703,2.4975856282342495
2025-02-19 12:00:00,18.525261345289735,4.307216417021271,0.1378341919586429,2.220697084471044
2025-02-19 13:00:00,16.14544399332466,4.391541723607731,0.1387846985257497,2.45585714113212
2025-02-19 14:00:00,17.45632266732516,3.825401713906353,0.15709352514455316,2.127795826008532
2025-02-19 15:00:00,14.820465297935241,2.9417237337163678,0.15019458255518883,3.099658143743825
2025-02-19 16:00:00,15.298131730826086,2.085468201210424,0.14861487755392774,2.9149602427223096
2025-02-19 17:00:00,15.956313233274274,1.1435000151969759,0.2957610995767765,3.2381015715898953
2025-02-19 18:00:00,12.310692596455402,5.825991371983281e-16,0.29694811154519246,4.713739399334492
2025-02-19 19:00:00,14.584438168385942,0.0,0.31046911794488136,3.9549436184892226
2025-02-19 20:00:00,13.170726498362885,0.0,0.29664755918131974,4.348361725338799
2025-02-19 21:00:00,13.407597784818986,0.0,0.2865893528669843,4.515264584738348
2025-02-19 22:00:00,12.437978186496583,0.0,0.15743651775540174,3.4781732265439684
2025-02-19 23:00:00,13.848616362846467,0.0,0.14795123336135282,2.6778055423094
2025-02-20 00:00:00,12.017245731382834,0.0,0.10031395865532777,2.7069542134185554
2025-02-20 01:00:00,11.287523186855887,0.0,0.1160757830639951,2.798618296530678
2025-02-20 02:00:00,12.414779020606082,0.0,0.09979439442649493,2.7190200004058194
2025-02-20 03:00:00,13.523035677405911,0.0,0.10289183673118726,2.73559371559357
2025-02-20 04:00:00,13.40269908289953,0.0,0.08821076508701675,2.546856801571807
2025-02-20 05:00:00,14.113839378909235,0.0,0.09780330547649041,3.290827592765535
2025-02-20 06:00:00,13.776421445700839,0.0,0.10609526045208602,3.4656483644661487
2025-02-20 07:00:00,14.611514736392111,1.0703356883733146,0.13444626266158757,3.875723509570939
2025-02-20 08:00:00,14.22550106971143,2.115737606882649,0.15200845093115709,3.827321110709983
2025-02-20 09:00:00,19.575094435751026,3.442485387976049,0.15100791072644806,3.581112581135525
2025-02-20 10:00:00,15.561690335677358,4.266442799854424,0.15041287455587438,3.151589745801212
2025-02-20 11:00:00,16.687828659584316,4.2690322316274605,0.16037158898658244,2.7032728791324607
2025-02-20 12:00:00,16.751798079057174,4.050622472269074,0.1533443851484852,2.181059106072485
2025-02-20 13:00:00,19.069573021694836,3.9017528946650515,0.16478071898356444,1.9211665200492711
2025-02-20 14:00:00,16.985060671326245,3.9611567796521947,0.14006410484405962,2.440267272786588
2025-02-20 15:00:00,18.822342429981216,3.1062459205395845,0.15135924567218348,2.3183529066251083
2025-02-20 16:00:00,15.319173041045168,2.014326213788827,0.15084466786389947,2.964577130996757
2025-02-20 17:00:00,16.02435735605424,1.186233007642181,0.2893074550624492,3.4491406388854537
2025-02-20 18:00:00,13.576388397521336,4.912428811845406e-16,0.30956295002091344,4.480304432692601
2025-02-20 19:00:00,17.27067553376349,0.0,0.3232467330585282,3.9617117686444345
2025-02-20 20:00:00,11.548011348866705,0.0,0.29982993925516166,4.560382510732452
2025-02-20 21:00:00,13.172819699191871,0.0,0.30505021088273765,3.9229072792294115
2025-02-20 22:00:00,13.181998087455804,0.0,0.15084518475815326,3.0078297718187876
2025-02-20 23:00:00,12.552330144721015,0.0,0.14286415330092825,2.763288137549001
2025-02-21 00:00:00,11.679864854808821,0.0,0.08179239722197984,2.826174989214308
2025-02-21 01:00:00,11.86528781465804,0.0,0.09294226516904636,2.5920408266877875
2025-02-21 02:00:00,12.425437339740732,0.0,0.08608041619048269,2.8969559962951212
2025-02-21 03:00:00,12.61597299712301,0.0,0.11704102078059118,2.9053500616457026
2025-02-21 04:00:00,14.90361501831775,0.0,0.09884890306076762,2.718402856266256
2025-02-21 05:00:00,17.497123710204846,0.0,0.0965408067095283,2.9112782194252227
2025-02-21 06:00:00,14.121558665613634,0.0,0.10889153824787806,3.358591175653453
2025-02-21 07:00:00,13.679549009064331,1.1775926367597158,0.1387824889714411,3.9719769727506797
2025-02-21 08:00:00,16.3253732705985,2.025286551912114,0.14233135961995447,3.584086131235457
2025-02-21 09:00:00,20.948680693166505,3.129740341709819,0.1506807226924862,3.814310136310163
2025-02-21 10:00:00,16.350360702524103,4.184949585668113,0.1602876899142348,3.5050865140294194
2025-02-21 11:00:00,20.31424903015869,4.64190029317566,0.15501685045168787,2.492677902487431
2025-02-21 12:00:00,20.474347564240045,4.224318558853526,0.1524832514251588,2.295213336977806
2025-02-21 13:00:00,17.025191459430598,4.082078918628816,0.15078117735236016,2.509389390070986
2025-02-21 14:00:00,18.409347173256613,4.17190877816239,0.15400235855526775,2.1514055910923395
2025-02-21 15:00:00,19.521711621377833,3.486318156853171,0.15201652905129254,2.2757494585066445
2025-02-21 16:00:00,15.889104731644153,2.0476804606365016,0.13970027725223064,3.2417478958271304
2025-02-21 17:00:00,15.428882938279404,1.1517599277065196,0.3004607922163315,3.6649220866405736
2025-02-21 18:00:00,14.085274972202418,5.311849499181534e-16,0.28926311341082245,4.316046319316439
2025-02-21 19:00:00,12.659204111778521,0.0,0.3008108254290082,4.47404164290976
2025-02-21 20:00:00,12.483880025526373,0.0,0.29519352058511755,4.128074826181044
2025-02-21 21:00:00,11.000565599422357,0.0,0.3253938162278286,4.227800703120154
2025-02-21 22:00:00,12.410845334160907,0.0,0.14960105616248287,3.664830287715075
2025-02-21 23:00:00,10.905059017670217,0.0,0.1359576043373841,3.2100246040545914
2025-02-22 00:00:00,12.435986117634979,0.0,0.09865819789323076,2.9554707637374302
2025-02-22 01:00:00,9.85368630177621,0.0,0.10519358745637888,2.8400556153810372
2025-02-22 02:00:00,12.983551386917226,0.0,0.11673363946152523,2.4076964373846748
2025-02-22 03:00:00,14.2142803488026,0.0,0.09410547600061282,2.506745697154817
2025-02-22 04:00:00,10.594703786091674,0.0,0.08417572025976361,3.0751199557920397
2025-02-22 05:00:00,14.869934969412654,0.0,0.10816837011430983,3.0165802571248106
2025-02-22 06:00:00,16.926810738658794,0.0,0.0861940129410035,2.8835862276238733
2025-02-22 07:00:00,14.04730285721961,1.2437374067742046,0.14563844558492514,4.0716889731542585
2025-02-22 08:00:00,19.09416583020541,2.3800804648950793,0.14742379514489004,3.893394511528134
2025-02-22 09:00:00,17.83515610755757,2.9372507909791215,0.1493036654669989,3.3357886154358414
2025-02-22 10:00:00,16.625865677664557,3.5933554474352274,0.15689164457074334,3.3252412705622247
2025-02-22 11:00:00,17.899431112329502,4.122739852909827,0.1431636571771361,2.2910706679792803
2025-02-22 12:00:00,18.922797618731437,4.361074726341037,0.1472627074783324,2.432940399233151
2025-02-22 13:00:00,18.097092815934676,4.258241100130644,0.1498572964705061,2.330008127041589
2025-02-22 14:00:00,18.491517449971724,4.052736671797012,0.15149597957518787,2.3535209480931365
2025-02-22 15:00:00,15.82561720388945,2.868506242691237,0.15097827174707923,2.6648875904257925
2025-02-22 16:00:00,16.839348486002972,2.0173363521130327,0.1543600577522258,2.3620709068542896
2025-02-22 17:00:00,13.74119263989895,1.136710098076818,0.30843839509641735,3.7234116444990684
2025-02-22 18:00:00,14.918468157925806,5.752366480647942e-16,0.3039263411565097,4.05428104356366
2025-02-22 19:00:00,12.952988652444109,0.0,0.3045358552350922,4.409990779031387
2025-02-22 20:00:00,12.482012336064209,0.0,0.2841777683325352,4.496281979498597
2025-02-22 21:00:00,14.81812666920487,0.0,0.30050227699165677,3.6386722036661854
2025-02-22 22:00:00,14.124196219486944,0.0,0.1547950754800161,3.113313371224107
2025-02-22 23:00:00,13.101236952442417,0.0,0.1572894119457045,2.779884572047572
2025-02-23 00:00:00,10.573434766638917,0.0,0.09307649225766207,2.7485884248481383
2025-02-23 01:00:00,11.839513760238377,0.0,0.09340960725111355,2.966839427818672
2025-02-23 02:00:00,14.433474252263244,0.0,0.09425899324716402,2.3124415736108377
2025-02-23 03:00:00,13.303158940548,0.0,0.10536413899891343,2.5265385862979404
2025-02-23 04:00:00,17.190898223620326,0.0,0.11033881054924209,2.20875561535421
2025-02-23 05:00:00,15.025423537431779,0.0,0.09592539892708399,2.911726585457355
2025-02-23 06:00:00,15.499977588382832,0.0,0.1090796231362705,3.3010486681754925
2025-02-23 07:00:00,15.524686352651596,1.2486337759969957,0.15123479809164594,3.0118527984908074
2025-02-23 08:00:00,16.912215270821207,2.1984960811037366,0.14875714222837563,3.83487232929346
2025-02-23 09:00:00,17.10451950263661,2.9389599147489647,0.14788615770182031,3.718567420268776
2025-02-23 10:00:00,18.872143140033987,4.103185882330863,0.15746611364602156,2.7003657603727738
2025-02-23 11:00:00,19.544734867706865,4.2118949393912715,0.1532557781678707,2.2958421666369055
2025-02-23 12:00:00,17.03291972288586,4.671270825229133,0.17275825427647637,2.2438950466948095
2025-02-23 13:00:00,16.112831962178323,4.125125278445141,0.14147775357002676,2.195812205976977
2025-02-23 14:00:00,15.055672065346155,3.534448542420466,0.15518101702029974,2.5789382190029437
2025-02-23 15:00:00,18.09521124757624,3.530288443217907,0.14470798990188485,2.0177692153948126
2025-02-23 16:00:00,15.056854004386974,2.0781007539652996,0.14130713013011356,2.9432345112892677
2025-02-23 17:00:00,12.759025159526622,1.291098358226997,0.2998913286296503,4.277456610909155
2025-02-23 18:00:00,15.79477182044423,6.095409937877854e-16,0.30137352479407037,3.888663814128766
2025-02-23 19:00:00,18.174946054489407,0.0,0.32918173555060093,4.248686060557361
2025-02-23 20:00:00,13.702797546337944,0.0,0.298158541843168,4.396406792474362
2025-02-23 21:00:00,14.348319731765606,0.0,0.28869821270515317,3.416988182345492
2025-02-23 22:00:00,12.736571740115815,0.0,0.15273010717494384,3.5718165497448875
2025-02-23 23:00:00,12.165791954993866,0.0,0.1292535996245363,3.080364540952391
2025-02-24 00:00:00,13.716163545380187,0.0,0.09908043217395734,2.4234701572462836
2025-02-24 01:00:00,12.004359525748352,0.0,0.10016025282295161,2.77174951222189
2025-02-24 02:00:00,13.140561080653073,0.0,0.10794600382945212,2.694722862242915
2025-02-24 03:00:00,13.698775186632911,0.0,0.10973622249427847,2.7235707424493296
2025-02-24 04:00:00,12.835413140433962,0.0,0.09496430381092283,3.0584039178508236
2025-02-24 05:00:00,16.04915520989576,0.0,0.09849385985370067,2.8027072645554645
2025-02-24 06:00:00,15.075109185855421,0.0,0.0923387916938933,2.985656161015803
2025-02-24 07:00:00,14.98038821696683,1.0874355627667367,0.13871937445192306,3.591370791091374
2025-02-24 08:00:00,17.64231358625414,2.4672165193767204,0.15309894779380634,4.131543155729711
2025-02-24 09:00:00,16.11116719177162,3.3156856775434913,0.13726414451403401,3.6953943028001692
2025-02-24 10:00:00,17.97789676830554,4.177077131573889,0.14585373099428137,3.3869129158107425
2025-02-24 11:00:00,18.22164780479943,4.400942259509207,0.14004826040100762,2.7693886320237096
2025-02-24 12:00:00,19.9663921696459,4.779516701424064,0.15549683186290258,2.266256505307917
2025-02-24 13:00:00,18.947373649085666,3.8793516873426093,0.16801430099266487,2.18083425928592
2025-02-24 14:00:00,17.898084594134133,4.1728398529567325,0.13698412017196668,2.185747332783696
2025-02-24 15:00:00,18.68551861325861,2.856809584194544,0.1314698151710243,2.0595133494972857
2025-02-24 16:00:00,18.922860144424504,2.444956688181431,0.14875113114649932,2.8172519639166973
2025-02-24 17:00:00,16.95072141573389,1.292015031427663,0.3001569779595776,3.7087485306377403
2025-02-24 18:00:00,15.353077750663605,5.25871597287759e-16,0.30218659306757295,4.0073830970078035
2025-02-24 19:00:00,12.593337337065732,0.0,0.29553679484765655,4.731190524301249
2025-02-24 20:00:00,12.239878326285478,0.0,0.29799360701174565,4.671207668941271
2025-02-24 21:00:00,12.758391420806891,0.0,0.303675104105406,3.787697034715695
2025-02-24 22:00:00,11.825204306306293,0.0,0.16040430892644839,3.463854229890056
2025-02-24 23:00:00,12.159314387553161,0.0,0.13044951229681717,2.901093011388415
2025-02-25 00:00:00,12.547179627749111,0.0,0.09631060560968538,2.4904085172740795
2025-02-25 01:00:00,13.358966393071341,0.0,0.10213808793941064,2.302684212778118
2025-02-25 02:00:00,12.758380361961498,0.0,0.09082023895389264,2.4655681590969403
2025-02-25 03:00:00,14.070636862583111,0.0,0.117311696317673,2.8213201130999495
2025-02-25 04:00:00,14.05891636261863,0.0,0.09364590119771264,2.4928375558610045
2025-02-25 05:00:00,11.722547755565081,0.0,0.09958707312992718,3.2655648203316128
2025-02-25 06:00:00,14.05320164967532,0.0,0.10556022096842291,3.2828381323804963
2025-02-25 07:00:00,16.02253054212859,1.191382918553775,0.14408715211198106,3.7968159910095887
2025-02-25 08:00:00,15.14766262614179,2.3412662297688605,0.13153426952195582,4.104524063210192
2025-02-25 09:00:00,18.4834181789574,3.235267497683661,0.14571345473083466,3.4966501501642075
2025-02-25 10:00:00,20.35640720027231,3.835680526761804,0.1602944055592704,2.971629978465659
2025-02-25 11:00:00,20.18812499681663,4.13022416171771,0.1466310487321486,2.444089908215693
2025-02-25 12:00:00,18.142040434008138,4.768581330913203,0.1415356569854102,1.9795211501585175
2025-02-25 13:00:00,20.596071424545585,4.0822656890735365,0.15925672209502723,2.509258621554136
2025-02-25 14:00:00,18.283282137559933,4.063698032687027,0.14669225103976946,2.02889888850465
2025-02-25 15:00:00,17.077896127286035,2.993418345914927,0.14489839186349782,2.6504560067988296
2025-02-25 16:00:00,16.04210074509204,2.3126650849772266,0.1514945608966331,3.260503538536687
2025-02-25 17:00:00,15.784957345978821,1.2286342641252654,0.30770750209618786,3.4954492091188434
2025-02-25 18:00:00,14.879939512591607,5.166434460567877e-16,0.3238171353173255,4.391690190003877
2025-02-25 19:00:00,14.941371938659119,0.0,0.30827236107657424,4.519878412965452
2025-02-25 20:00:00,14.203065711978248,0.0,0.3115983996638834,4.610899740555852
2025-02-25 21:00:00,13.345453427073931,0.0,0.29494033801012143,3.8053163885408026
2025-02-25 22:00:00,13.519535783669658,0.0,0.13974131894030523,3.0936222220192424
2025-02-25 23:00:00,14.350396673715757,0.0,0.15062331349619124,2.740647484055433
2025-02-26 00:00:00,14.01016593708527,0.0,0.10107169915259596,2.521053989998488
2025-02-26 01:00:00,10.460710302381225,0.0,0.08921487258635404,2.9196385458085556
2025-02-26 02:00:00,9.156876820217036,0.0,0.09824705470095987,2.999150697126971
2025-02-26 03:00:00,14.865994257222553,0.0,0.10399317601719131,2.0601465977882
2025-02-26 04:00:00,12.035516686300154,0.0,0.1036039339501808,3.0128375220631014
2025-02-26 05:00:00,14.472229495776697,0.0,0.10504287853384273,3.304780063510521
2025-02-26 06:00:00,13.830665194834246,0.0,0.10290964730137443,3.502966505320217
2025-02-26 07:00:00,13.659321212860819,1.0563954832033233,0.14492991340729944,3.9664550269250363
2025-02-26 08:00:00,17.898028826230465,2.129295795567392,0.14486099373351155,3.6267367211098476
2025-02-26 09:00:00,18.845887817936898,2.848121633102013,0.13801048602006125,3.403245487712898
2025-02-26 10:00:00,17.319145344186524,4.010888686818223,0.16784775039185096,3.1784388199163436
2025-02-26 11:00:00,14.597048774573125,4.275572490278182,0.15013450364619293,2.977730698872231
2025-02-26 12:00:00,17.76646806154456,4.548145202728023,0.14775146944205148,2.1833844896807646
2025-02-26 13:00:00,19.07131822089431,4.032399532502246,0.1407120791854754,1.9613550633279457
2025-02-26 14:00:00,15.965543592115408,3.720386270423349,0.17935657902327778,2.375173529945177
2025-02-26 15:00:00,17.98219495715166,3.297821912432151,0.13926671967777104,2.4720367770985194
2025-02-26 16:00:00,17.06286996016379,2.4826513618151997,0.14571152074393925,2.8628815259788025
2025-02-26 17:00:00,17.23122911863248,1.048325001610958,0.3041583683628606,3.4958204324077564
2025-02-26 18:00:00,15.765205286544514,5.988993505135805e-16,0.3060021296574428,4.165685818406419
2025-02-26 19:00:00,13.349774187293388,0.0,0.3095793205521568,4.724663388715606
2025-02-26 20:00:00,15.880691986420022,0.0,0.31807608507769264,4.320550814314282
2025-02-26 21:00:00,13.226720030823188,0.0,0.30506157655460714,3.9290351730720054
2025-02-26 22:00:00,12.94680171330507,0.0,0.13943969200033332,3.157967800889404
2025-02-26 23:00:00,11.288155316446286,0.0,0.14743054874878217,3.1401935786528337
2025-02-27 00:00:00,12.043478790435541,0.0,0.10307832372513885,2.724098252570909
2025-02-27 01:00:00,11.48342061731525,0.0,0.12068226041505825,2.4181170113640436
2025-02-27 02:00:00,12.850906865984356,0.0,0.08602194521575704,2.9122875749102994
2025-02-27 03:00:00,16.15464454387668,0.0,0.11202576505225229,2.315823637687246
2025-02-27 04:00:00,12.150550452825772,0.0,0.10179914369546417,2.9812074377702626
2025-02-27 05:00:00,12.511602935100132,0.0,0.10837830535229481,3.4186916474805216
2025-02-27 06:00:00,17.915157658463222,0.0,0.09898005283364068,2.7939485960316697
2025-02-27 07:00:00,16.17087378680257,1.1712779035896634,0.14157567369873672,3.6580500004181293
2025-02-27 08:00:00,16.204793059232934,2.3489163927525847,0.15750872779401331,3.693463127298144
2025-02-27 09:00:00,19.389579541876564,3.4650099826360545,0.1565443102710562,3.2870187803332342
2025-02-27 10:00:00,17.398055068970827,4.150159314490353,0.15972056965739723,2.8281979820077328
2025-02-27 11:00:00,21.345194216410416,4.517017928510991,0.14986695364621364,2.823422458321178
2025-02-27 12:00:00,19.72529097423171,4.679633182395143,0.1440017797668015,2.1427960829816532
2025-02-27 13:00:00,17.874312533871457,4.77739634855016,0.13441213004976157,2.275528190644262
2025-02-27 14:00:00,21.54244069847438,3.72029279862136,0.15819373268139406,1.8058320145607736
2025-02-27 15:00:00,16.921150126277443,2.8292134940936324,0.15423889482443986,2.7725339634512496
2025-02-27 16:00:00,18.32154522523677,2.135977279699099,0.1403421736713604,3.024084744614464
2025-02-27 17:00:00,16.933798173140108,1.091670619221149,0.29461426326703377,3.4881312313000157
2025-02-27 18:00:00,17.661014101321005,5.709100802814288e-16,0.2953324118804856,3.804970240665572
2025-02-27 19:00:00,17.274211827005523,0.0,0.2851701556801758,4.167094986818826
2025-02-27 20:00:00,14.256408390821457,0.0,0.29182317603394864,4.716663984194372
2025-02-27 21:00:00,12.45695501814389,0.0,0.28866169643193645,3.6531581511170526
2025-02-27 22:00:00,13.800284170278166,0.0,0.14587520988112063,3.47351069659699
2025-02-27 23:00:00,11.794051633727443,0.0,0.14261302501670436,2.966183379512153
2025-02-28 00:00:00,15.849951592216243,0.0,0.08372995079133252,2.2545253236159586
2025-02-28 01:00:00,13.13689623868321,0.0,0.12022590230569483,2.5372776642195736
2025-02-28 02:00:00,12.683812182604829,0.0,0.11252540731029231,2.568942381335795
2025-02-28 03:00:00,13.98557083616403,0.0,0.09220980578480015,2.5455438743001255
2025-02-28 04:00:00,12.309181286631764,0.0,0.10272421396653611,2.6590669417419286
2025-02-28 05:00:00,13.595992527852768,0.0,0.10417465089821296,3.2212956910705457
2025-02-28 06:00:00,17.630491582842946,0.0,0.11191085854773478,2.595308388894852
2025-02-28 07:00:00,15.620986437776779,1.2034537021926512,0.1418139497333992,3.7171809986900866
2025-02-28 08:00:00,15.759504246903399,2.0517170574302415,0.16092106783982427,3.703563438891161
2025-02-28 09:00:00,18.75617019327688,3.1127032960294203,0.14452094695793063,3.0896511749749274
2025-02-28 10:00:00,20.20650316427412,4.095381480243129,0.13664137595831385,2.950879741964847
2025-02-28 11:00:00,19.806078165791114,4.616952436901171,0.15724136559314497,2.178911598242577
2025-02-28 12:00:00,20.32394224963503,4.118218622291089,0.16290758424122428,2.2258388553406947
2025-02-28 13:00:00,17.59245556693932,3.863732977282382,0.17587908973530683,1.8848827957346672
2025-02-28 14:00:00,16.29523093216686,4.080830387846364,0.13800274734909787,2.477660197058704
2025-02-28 15:00:00,20.20319154241918,3.080578698931228,0.1569891968508079,2.22220280594051
2025-02-28 16:00:00,16.845850962663103,2.12724066580913,0.14590198756206466,2.861941594497618
2025-02-28 17:00:00,16.2300783315513,1.0386142912252476,0.3078335871052403,3.6118806678198445
2025-02-28 18:00:00,17.822161933699896,5.560263135661098e-16,0.28529510448768747,3.6765125716392424
2025-02-28 19:00:00,15.887758599719735,0.0,0.28737230224301435,4.2418765730367465
2025-02-28 20:00:00,15.01370237904872,0.0,0.29224125176833515,3.865264473182071
2025-02-28 21:00:00,16.95605389471829,0.0,0.30078964045668083,3.5920887464280526
2025-02-28 22:00:00,12.266517164002778,0.0,0.14358918733461645,3.8541400209453656
2025-02-28 23:00:00,14.32385343418096,0.0,0.1565905434391342,3.4033723974705037
2025-03-01 00:00:00,13.035724088625445,0.0,0.11026894618257915,2.6144499326400887
2025-03-01 01:00:00,13.455315340707498,0.0,0.10599577541245356,2.7062842239518288
2025-03-01 02:00:00,15.644830829545299,0.0,0.11618787639660869,1.9431586606809916
2025-03-01 03:00:00,14.59063769215461,0.0,0.10415826629455344,2.7755757426529195
2025-03-01 04:00:00,15.257648519854268,0.0,0.08783103289659833,2.6873308037556076
2025-03-01 05:00:00,16.78250827193696,0.0,0.1136337651353834,2.536291025564603
2025-03-01 06:00:00,15.40277530696549,0.0,0.09394843764394004,3.4688992042976685
2025-03-01 07:00:00,15.46784703557887,1.0602897041345305,0.1591041849968557,3.576709609059099
2025-03-01 08:00:00,15.882990610248266,2.0884484754119916,0.16573734216555105,3.66244720919378
2025-03-01 09:00:00,15.121989860775459,3.5265792177884636,0.154566880107304,3.7642643555288613
2025-03-01 10:00:00,21.63259130754362,3.848706577329914,0.1350384118683535,2.6977321678790442
2025-03-01 11:00:00,17.1931693315645,4.377451980697458,0.14081787833490209,2.791446448676122
2025-03-01 12:00:00,18.618323965901162,4.873618528737216,0.16322744466885136,2.006698128611399
2025-03-01 13:00:00,18.432761930313642,4.82534901799044,0.14830877314357183,1.9105418873650593
2025-03-01 14:00:00,19.009390659346785,3.96874713142251,0.15079573534942164,1.998895534373494
2025-03-01 15:00:00,19.295130563648407,3.4029328731430697,0.15758824416163608,2.55897428016981
2025-03-01 16:00:00,18.740914633819433,2.1634705121683373,0.15696322862080322,2.6902874411191107
2025-03-01 17:00:00,15.85204537873397,1.1144085395224577,0.3027879981238546,3.3288555876958577
2025-03-01 18:00:00,15.699521830600201,5.391757019510131e-16,0.2979133162877953,3.9646018063924933
2025-03-01 19:00:00,15.597617191704703,0.0,0.29687331554267643,4.281877867796115
2025-03-01 20:00:00,14.0771677120045,0.0,0.3085789882529134,4.044220236743471
2025-03-01 21:00:00,16.239902421750166,0.0,0.3055356953106779,3.321515580658128
2025-03-01 22:00:00,14.088590617383879,0.0,0.1474269999938221,3.7047677122493954
2025-03-01 23:00:00,14.15474360148734,0.0,0.1608211231299314,2.693110723048968
2025-03-02 00:00:00,14.063689453817954,0.0,0.09870965884870217,2.4082519857290983
2025-03-02 01:00:00,14.931800858177617,0.0,0.09148337825665608,2.2980177335361205
2025-03-02 02:00:00,13.74282367751908,0.0,0.09241029301096655,2.4432532919515477
2025-03-02 03:00:00,12.002799285323423,0.0,0.09021259163690235,2.9098388342053645
2025-03-02 04:00:00,15.168899478445798,0.0,0.09727589983396313,2.732363577874213
2025-03-02 05:00:00,14.315875074821529,0.0,0.11233724278336193,2.8678828119023825
2025-03-02 06:00:00,15.2764425281922,0.0,0.09194904818969492,2.989327320374192
2025-03-02 07:00:00,17.72537071425704,1.2242785783310164,0.15188475761018103,3.6115900285165674
2025-03-02 08:00:00,19.426792157967288,2.309586367682918,0.14343310654372587,3.4809429007871464
2025-03-02 09:00:00,18.22259525948057,2.9604014918173807,0.14739690958728563,3.669900516707852
2025-03-02 10:00:00,19.1306932810686,3.4863495002088625,0.13489958788014747,2.461285888332075
2025-03-02 11:00:00,21.520467446636896,4.1385491782297015,0.14779461770843463,2.529382459840537
2025-03-02 12:00:00,19.43049732004969,4.443033706337619,0.14806294620195037,2.601617357772009
2025-03-02 13:00:00,22.86966970095463,4.459781874436419,0.15540287944035694,2.049900018242065
2025-03-02 14:00:00,19.515708230617467,4.200187987537145,0.1522328091325537,2.135734807388234
2025-03-02 15:00:00,15.549543755642752,2.9671938018079342,0.13801607875047955,2.760231360307523
2025-03-02 16:00:00,18.699379982473634,2.0627748949492384,0.16084198244043543,2.701883349646061
2025-03-02 17:00:00,17.417562263448566,1.2846431403908167,0.3021030304022199,3.3481783319929934
2025-03-02 18:00:00,18.003996681940954,5.030903620395016e-16,0.30198393517177485,3.7421174072133967
2025-03-02 19:00:00,16.30268244241421,0.0,0.2999081764661486,4.078194364961796
2025-03-02 20:00:00,14.361683574841175,0.0,0.29482242552777777,4.49204413997606
2025-03-02 21:00:00,12.111599852823145,0.0,0.3021780233974872,4.139463717195526
2025-03-02 22:00:00,13.157756453534482,0.0,0.1547558843592858,3.444334191512067
2025-03-02 23:00:00,11.89580939063568,0.0,0.13253104308654445,3.298010110491968
2025-03-03 00:00:00,12.316539684217318,0.0,0.09461239162653905,2.6296472651950826
2025-03-03 01:00:00,14.17241498668811,0.0,0.09745053029596411,2.307750674604138
2025-03-03 02:00:00,16.094105404098194,0.0,0.10256170605694279,2.1248459853932307
2025-03-03 03:00:00,14.658011810099232,0.0,0.11193311005927127,2.467300591459369
2025-03-03 04:00:00,12.893500265871626,0.0,0.09228259185403218,2.603940551614123
2025-03-03 05:00:00,16.07777172594705,0.0,0.09502038153182159,2.6175938967563033
2025-03-03 06:00:00,17.982272088892877,0.0,0.09487465889353451,2.808700102034294
2025-03-03 07:00:00,16.049107637752893,1.16420169673616,0.14198472409895457,3.982764798093087
2025-03-03 08:00:00,17.486299108915027,2.344655206051345,0.14652813504887738,3.006892237969897
2025-03-03 09:00:00,18.330677494577838,3.0068385993514117,0.1577080221998797,3.2879122094552917
2025-03-03 10:00:00,17.608053600654358,3.7306390376673564,0.13946164504635655,3.302575394329539
2025-03-03 11:00:00,20.057522988557395,4.456432003643585,0.15427814395152903,2.5146707084103634
2025-03-03 12:00:00,19.00590263601273,4.897935293443737,0.13298097769981665,2.368579585680986
2025-03-03 13:00:00,19.71440100365215,4.646030220069046,0.14438662003557792,2.14051810834965
2025-03-03 14:00:00,17.45416280357457,3.96910719859238,0.14670510699782013,2.112867279382917
2025-03-03 15:00:00,17.652457751998927,3.3447718531420305,0.16674859672914064,2.0003961555249314
2025-03-03 16:00:00,18.77089689566606,2.182411235103899,0.1472519769524731,2.8547336508303127
2025-03-03 17:00:00,16.404532266094314,1.2011702663362378,0.2779875652654908,3.3770349971655724
2025-03-03 18:00:00,18.77777063577451,5.469494989985196e-16,0.2800111109313875,3.6496133448186163
2025-03-03 19:00:00,14.811413445194935,0.0,0.3003402958634668,4.282833340317561
2025-03-03 20:00:00,15.024351947552232,0.0,0.30613770855789907,4.515724906535319
2025-03-03 21:00:00,15.464890763174395,0.0,0.30375455857627254,4.125820709944884
2025-03-03 22:00:00,11.461700048171538,0.0,0.1516757010580099,3.64117690124064
2025-03-03 23:00:00,10.648334162086034,0.0,0.16162259597505665,3.193039491757556
2025-03-04 00:00:00,11.015556900451255,0.0,0.09460408779262869,2.603191082397461
2025-03-04 01:00:00,15.300140048579966,0.0,0.10894910556026825,2.4209724631569096
2025-03-04 02:00:00,12.87817794211441,0.0,0.08367985114973583,2.987863261767225
2025-03-04 03:00:00,18.020019957249133,0.0,0.09095052167061934,2.0164373230453236
2025-03-04 04:00:00,13.957669974320314,0.0,0.08192958605068185,2.212283320124216
2025-03-04 05:00:00,15.80441119179439,0.0,0.09725154699330209,2.8844592985350626
2025-03-04 06:00:00,18.617206301158213,0.0,0.09953738782733658,3.1068760233657358
2025-03-04 07:00:00,20.089637839852646,1.1377522752146596,0.1511410149222652,3.006577340580462
2025-03-04 08:00:00,20.896296737260993,2.3781268957112167,0.15061883352887134,3.5353079557590736
2025-03-04 09:00:00,20.237911061755753,3.149583472571459,0.1407244666918827,3.414081356963638
2025-03-04 10:00:00,20.438211372376905,3.8211463329053115,0.14809759155586782,2.89578160744332
2025-03-04 11:00:00,20.090609274975378,4.766583071131421,0.13502553331394251,2.332147631766802
2025-03-04 12:00:00,20.471582986556353,4.2508790998907005,0.1636322897513225,2.421083535709479
2025-03-04 13:00:00,18.375040276680803,3.9800465015667763,0.14696373927102,2.03987689613596
2025-03-04 14:00:00,17.674819258526252,3.97033080082769,0.14511113880956308,1.9228179484920243
2025-03-04 15:00:00,18.420300029749612,3.513841151364367,0.16588940328444082,1.9971793755326492
2025-03-04 16:00:00,17.548764438519004,2.188919606863593,0.1375775346645077,3.119960684800634
2025-03-04 17:00:00,16.40065643362305,1.0513324763337362,0.2887441288596803,3.655954213276826
2025-03-04 18:00:00,17.34862254349147,5.314116306133912e-16,0.28903779675131436,3.905440430258535
2025-03-04 19:00:00,16.9605420498546,0.0,0.2993212861830052,4.036680431584063
2025-03-04 20:00:00,14.936651701744168,0.0,0.30431631629637595,4.0714769718669634
2025-03-04 21:00:00,16.399016150329647,0.0,0.30739675468117833,3.3176108253471366
2025-03-04 22:00:00,11.993431489752822,0.0,0.17571995317494968,3.4476364118332286
2025-03-04 23:00:00,13.115774704519614,0.0,0.12750567545799235,2.5658826284238376
2025-03-05 00:00:00,12.34424902443675,0.0,0.10608735589124417,2.531980580315741
2025-03-05 01:00:00,10.721900100864165,0.0,0.09442869427427769,2.8144657213033732
2025-03-05 02:00:00,13.697385265223593,0.0,0.09413584851111227,2.6549532724191782
2025-03-05 03:00:00,14.115540899206392,0.0,0.09380227871746123,2.524055199870915
2025-03-05 04:00:00,17.189657120204156,0.0,0.09091230329192027,2.4592286935439116
2025-03-05 05:00:00,16.589242896865564,0.0,0.11684524834603452,2.926096580586103
2025-03-05 06:00:00,14.883202268847151,0.0,0.10842297327013903,3.4954458275788878
2025-03-05 07:00:00,19.977078490149804,1.149682848318877,0.15023195978557374,3.417848438133343
2025-03-05 08:00:00,19.751033048628987,2.3241167344039226,0.16351015752487,3.50238365486264
2025-03-05 09:00:00,19.413949404103523,2.8718762131764266,0.13487471034701123,3.1276785520537063
2025-03-05 10:00:00,18.677832568419525,4.16880670245362,0.13669294868669074,3.058391878120971
2025-03-05 11:00:00,17.878101129122943,4.772160362969445,0.1282203226780531,2.8408791565334255
2025-03-05 12:00:00,18.86117234123438,4.648765386159386,0.1430058545987671,2.286317298926851
2025-03-05 13:00:00,20.950382913764443,4.785743188736612,0.15161698526704753,2.504004675014921
2025-03-05 14:00:00,21.84443817559619,3.5952458463360144,0.15102858577932335,1.875719150442944
2025-03-05 15:00:00,20.855668141308882,3.16601134977599,0.1514934191105988,2.1762415957106773
2025-03-05 16:00:00,17.186208372661547,2.3009033669727232,0.13588943168933917,3.082337810253319
2025-03-05 17:00:00,15.516513490715004,1.1858407039967775,0.3080315474261402,3.691576613162218
2025-03-05 18:00:00,16.630811875707764,5.390236079330813e-16,0.30239627518239,4.236739436281107
2025-03-05 19:00:00,12.990366321689118,0.0,0.30733054281466,4.598062118188733
2025-03-05 20:00:00,15.404234076618131,0.0,0.2810723782240995,3.9475716852170466
2025-03-05 21:00:00,14.076758282333314,0.0,0.3031149085879779,3.76871045075401
2025-03-05 22:00:00,13.12235154118528,0.0,0.13812234760082473,3.091920340388564
2025-03-05 23:00:00,11.12965042557356,0.0,0.14602676747448637,3.0025168503019923
2025-03-06 00:00:00,14.304014210183517,0.0,0.10534364898636384,2.6385102883034346
2025-03-06 01:00:00,12.836785311968871,0.0,0.10091093606255913,2.7974244821349488
2025-03-06 02:00:00,12.180662585410195,0.0,0.09148460020220682,2.7875848415199176
2025-03-06 03:00:00,10.103900386846828,0.0,0.10006273156184418,2.669221849836642
2025-03-06 04:00:00,14.992341692752989,0.0,0.08468464684756358,2.492241206960362
2025-03-06 05:00:00,18.415534310025997,0.0,0.11150267395898297,2.2419787294552744
2025-03-06 06:00:00,19.025502872150746,0.0,0.09794715980503749,3.145102731833279
2025-03-06 07:00:00,16.6244268007571,1.2431109487927037,0.16118549944255325,3.3720708258542595
2025-03-06 08:00:00,17.130295959786274,2.2701394465937104,0.14473468312903956,3.38722606169582
2025-03-06 09:00:00,19.358095778001122,2.8844867516233057,0.14476424011593417,3.3297953867607033
2025-03-06 10:00:00,17.63411210289982,3.954142575114685,0.14235813213362153,2.826278724130207
2025-03-06 11:00:00,19.884079378925346,4.740781868928491,0.15876173931693074,2.787050597624614
2025-03-06 12:00:00,20.682734467905977,4.396312625498221,0.14290568842671525,2.0709339114899294
2025-03-06 13:00:00,21.271791365022608,4.149932050207108,0.15644595432415176,1.84070719348477
2025-03-06 14:00:00,18.98145914696233,3.58834980958252,0.1461754760233071,1.7502507889036578
2025-03-06 15:00:00,18.349423768623137,2.9355152802870177,0.1302403670010838,2.4009169721839023
2025-03-06 16:00:00,16.7166401701941,2.216385742170909,0.14429685932213535,2.855259670228175
2025-03-06 17:00:00,16.069750654576715,1.1894494636864088,0.2882089178563715,3.286549190165817
2025-03-06 18:00:00,16.193895712476653,4.997312594492333e-16,0.3003390272368234,4.264258232805636
2025-03-06 19:00:00,16.308205175245647,0.0,0.28809592264325506,4.336464813393146
2025-03-06 20:00:00,16.403990989678817,0.0,0.30925975100714614,3.995552364367984
2025-03-06 21:00:00,13.207525280748783,0.0,0.2990892413964697,4.188602308219336
2025-03-06 22:00:00,16.17457069241491,0.0,0.1482240400524126,3.164698043105478
2025-03-06 23:00:00,13.229151169897884,0.0,0.15655892137787583,2.8117237152987933
2025-03-07 00:00:00,13.614351246107754,0.0,0.10963906934075864,2.3189370116107706
2025-03-07 01:00:00,12.627807190041468,0.0,0.0997990124823035,2.8115406827630873
2025-03-07 02:00:00,10.41196558586768,0.0,0.0922879970045071,3.0065010157972742
2025-03-07 03:00:00,15.85114993861234,0.0,0.08226030383887871,2.3577169614110067
2025-03-07 04:00:00,16.251668033269056,0.0,0.0931395024296482,2.24350320062723
2025-03-07 05:00:00,15.447953716645523,0.0,0.09382787753352038,2.9148137745909724
2025-03-07 06:00:00,16.746888263467714,0.0,0.10107057452992298,2.9090697128328102
2025-03-07 07:00:00,18.19676814949412,1.2617774279187233,0.1465485311886197,3.303349137738896
2025-03-07 08:00:00,15.802583402300593,2.485470124802309,0.15687932972051427,4.0530899400278075
2025-03-07 09:00:00,17.974143515170606,2.9536935823279977,0.1438701672872931,3.1947720847539163
2025-03-07 10:00:00,20.435875418416465,4.089429169948878,0.14942958833147058,2.5958052164305356
2025-03-07 11:00:00,17.662745531743738,3.902616128169395,0.1618398744319689,2.320262913400602
2025-03-07 12:00:00,20.08673908588035,4.405422825139155,0.15341825213954965,2.416755856334292
2025-03-07 13:00:00,17.509306959562505,4.362394677533033,0.14939962458311434,2.2303822376582376
2025-03-07 14:00:00,19.944123372634014,3.9669551313616527,0.14398055558064823,2.15505801631741
2025-03-07 15:00:00,18.714260307743825,3.4902346997478237,0.1436676860328502,2.3052555116042717
2025-03-07 16:00:00,15.723704463772144,2.336125343647097,0.1414938674704805,3.1838699592810333
2025-03-07 17:00:00,19.169968354623727,1.1598400801735447,0.294589931342171,3.1708792198193234
2025-03-07 18:00:00,15.544514822433333,5.890153138101952e-16,0.3075566583874431,4.165471761088196
2025-03-07 19:00:00,14.654566396801272,0.0,0.2977811172870773,4.255201523558032
2025-03-07 20:00:00,15.447255983476822,0.0,0.28650226930618766,3.936472263844659
2025-03-07 21:00:00,16.24803786821384,0.0,0.31768169293059784,3.4233780619243537
2025-03-07 22:00:00,12.524593247809495,0.0,0.15319965191145163,3.3951066404816124
2025-03-07 23:00:00,13.84114448353516,0.0,0.1359305659948683,2.8930897307792662
2025-03-08 00:00:00,14.401038246181967,0.0,0.09558151072759177,2.4794697634222413
2025-03-08 01:00:00,14.89969442771362,0.0,0.10110886382828418,1.6376448470659684
2025-03-08 02:00:00,14.42439961724863,0.0,0.11704592093297378,2.284205429188737
2025-03-08 03:00:00,14.085951393501482,0.0,0.08891887541741131,2.4572772377589693
2025-03-08 04:00:00,14.016428164713028,0.0,0.10976040719355948,2.982043953149401
2025-03-08 05:00:00,16.110572184948108,0.0,0.11399486426972344,2.497709523317085
2025-03-08 06:00:00,15.149604977707698,0.0,0.0937134569492543,3.2844028073707845
2025-03-08 07:00:00,13.15224490575176,1.2688353346304342,0.14722486381139765,4.204483141914588
2025-03-08 08:00:00,18.91265320192261,2.1916076829736255,0.1396369075262623,3.2374174130370283
2025-03-08 09:00:00,20.235036100875043,2.98139749880187,0.14796538858919694,3.4026311989092988
2025-03-08 10:00:00,15.811491053726666,3.847384839855066,0.14963410025657067,3.012569774611004
2025-03-08 11:00:00,18.140994917488406,3.9104180967876467,0.1565964999808237,2.3893750671260254
2025-03-08 12:00:00,20.686544887193904,4.820487584480276,0.16090183471020447,2.0572739242061044
2025-03-08 13:00:00,22.74183417912086,4.661887235769711,0.14251903935378352,1.9741813836465192
2025-03-08 14:00:00,19.387080268552534,3.9733249539048363,0.13032674935774005,2.7252159216364595
2025-03-08 15:00:00,17.78712942740205,3.078108571971086,0.14978755220723758,2.6015099157926724
2025-03-08 16:00:00,17.983468834028848,2.3998916822228913,0.1529353752996864,3.0359738256968325
2025-03-08 17:00:00,19.596585259715948,1.1788397464965676,0.30249417687685043,3.4390988873846675
2025-03-08 18:00:00,15.788867226999304,5.910062554567575e-16,0.2967332675249095,3.753765001131369
2025-03-08 19:00:00,14.782568350403164,0.0,0.3012475209966393,4.465083796953058
2025-03-08 20:00:00,14.533698212413059,0.0,0.31515444808352244,4.4402169963287905
2025-03-08 21:00:00,13.206500239738396,0.0,0.3038173416896251,3.7451801694985867
2025-03-08 22:00:00,14.343742758324986,0.0,0.14626631574996915,3.444955521948771
2025-03-08 23:00:00,16.297053704523243,0.0,0.14499802182904004,2.749013833418253
2025-03-09 00:00:00,14.352433870595053,0.0,0.0983014764232227,2.808619138433182
2025-03-09 01:00:00,13.591507228864373,0.0,0.1163673996183064,2.4487437667108427
2025-03-09 02:00:00,13.832021846194378,0.0,0.09816699290473803,2.2972986768094548
2025-03-09 03:00:00,12.401708404316382,0.0,0.09980205655479292,2.66537477005788
2025-03-09 04:00:00,16.69247962664175,0.0,0.09517686429063697,2.6470195686290134
2025-03-09 05:00:00,15.974602030094243,0.0,0.11098983357441966,2.3643452874075828
2025-03-09 06:00:00,16.59709509053507,0.0,0.11959837254744676,2.664469527125311
2025-03-09 07:00:00,22.433933447995862,1.191695882437469,0.1545061304943139,3.3416255244439546
2025-03-09 08:00:00,18.815944323469537,2.38184613467516,0.15082772903785424,3.411493260471652
2025-03-09 09:00:00,17.861448729337877,3.198527783407478,0.15036782833174234,3.34200788485101
2025-03-09 10:00:00,18.82635477796601,3.660492469547458,0.12615693211214254,3.099465422092281
2025-03-09 11:00:00,21.488261003583347,4.507514096233317,0.15745150864284818,2.379787946360102
2025-03-09 12:00:00,20.037720576727658,4.080105726609602,0.15134166415995842,1.8432949248106434
2025-03-09 13:00:00,17.608175472312166,4.290481891549462,0.15428342050660723,2.5764681000922254
2025-03-09 14:00:00,20.84473457413713,3.6055813780447017,0.14288537805916296,1.9813878345674056
2025-03-09 15:00:00,17.98691917617216,2.9588593706018695,0.1461554312102291,2.1968365471235067
2025-03-09 16:00:00,21.177761625247328,2.101146974579102,0.14588975063496826,3.0343865161675714
2025-03-09 17:00:00,19.264344194800547,1.1353633316486125,0.3102162298407304,3.2638023658090645
2025-03-09 18:00:00,16.196832117432884,4.961228132178162e-16,0.29621240163396906,4.013382601552769
2025-03-09 19:00:00,18.012882368216115,0.0,0.32082660322109796,4.096558429748839
2025-03-09 20:00:00,15.469598226712115,0.0,0.30430862419015037,4.330039692333433
2025-03-09 21:00:00,16.025655130044697,0.0,0.2872431734000427,3.5108693388332983
2025-03-09 22:00:00,14.996837975509406,0.0,0.14871453706748042,3.4775091636372757
2025-03-09 23:00:00,12.700502499567495,0.0,0.14348324877843582,2.6125727662951657
2025-03-10 00:00:00,13.011049239050747,0.0,0.07805617530179976,2.7511347326463804
2025-03-10 01:00:00,15.623537735031478,0.0,0.1159947094011379,2.120551196869983
2025-03-10 02:00:00,13.876134778013814,0.0,0.10703142542220004,2.785981584767866
2025-03-10 03:00:00,14.249580949104304,0.0,0.10533207317899312,2.5443645823239476
2025-03-10 04:00:00,14.043690118502912,0.0,0.10165403660299704,2.543179044571069
2025-03-10 05:00:00,16.83531545060957,0.0,0.08617982431307562,2.7593090717184627
2025-03-10 06:00:00,20.07016136639166,0.0,0.09516382860444564,3.088433750517176
2025-03-10 07:00:00,16.151531751453096,1.1796645124322565,0.15841780774784012,3.6739414830549877
2025-03-10 08:00:00,18.512703172536078,2.4798955102024247,0.13948779970217495,3.294071871099871
2025-03-10 09:00:00,21.216025164209725,2.862859582258632,0.12468230683749186,3.2270327290120013
2025-03-10 10:00:00,19.454988112011684,3.5489787599239735,0.14772893992219074,2.9095885004208206
2025-03-10 11:00:00,20.552709160768746,3.906267658904784,0.1485824244597246,2.4820498850538604
2025-03-10 12:00:00,18.38278369530662,4.1852768503335405,0.15135563416414707,2.367845186084437
2025-03-10 13:00:00,20.516612112205618,4.38653008431319,0.15728518643514536,1.7175725988283748
2025-03-10 14:00:00,19.293733801373435,4.023183524230444,0.1563760581223121,2.2476989029658614
2025-03-10 15:00:00,20.57628932460638,2.860660699053154,0.1525876980524392,2.3490780017792576
2025-03-10 16:00:00,20.257453064874067,2.4729854449227995,0.1619553138808671,2.6459423901462618
2025-03-10 17:00:00,21.637176585862424,1.2532446190131408,0.2848103021918668,3.192202834463448
2025-03-10 18:00:00,17.845823747347303,5.261832723450249e-16,0.3050458181447739,3.785274043466408
2025-03-10 19:00:00,16.688611327092627,0.0,0.3062653836333694,3.4371500247937568
2025-03-10 20:00:00,15.767950439892944,0.0,0.2876043771391976,3.937262891971425
2025-03-10 21:00:00,14.325304204751266,0.0,0.2849712939131761,3.6064406235756064
2025-03-10 22:00:00,14.88602354136616,0.0,0.14254057873524398,3.29337313641613
2025-03-10 23:00:00,13.635494393451191,0.0,0.14338458557484707,2.766428372273979
2025-03-11 00:00:00,14.33614987152584,0.0,0.10753419463502431,2.3971424493246554
2025-03-11 01:00:00,16.162077231666153,0.0,0.09385461216308906,2.5322872944096133
2025-03-11 02:00:00,12.975568347848641,0.0,0.09143651481718797,2.8184655970291734
2025-03-11 03:00:00,16.671955905255345,0.0,0.09388366263305442,2.405724971808404
2025-03-11 04:00:00,17.559131008131217,0.0,0.11118632334154212,2.155932718135382
2025-03-11 05:00:00,16.12989848132724,0.0,0.10013043374376952,2.8199973452859464
2025-03-11 06:00:00,13.900676058608529,0.0,0.09820748974643088,3.3549353939519837
2025-03-11 07:00:00,16.948182561787334,1.1788513360236215,0.14889994501298948,3.410745919107764
2025-03-11 08:00:00,20.528950226963083,2.038379030944369,0.16292060334326522,3.581948187775793
2025-03-11 09:00:00,19.170476657232737,2.8313880945313556,0.14250828273396757,3.2044374360522316
2025-03-11 10:00:00,18.18258127003237,4.044714779775181,0.16315508290940103,3.2090036887337483
2025-03-11 11:00:00,19.224073504146297,4.48365335225115,0.15210496298921503,2.458275787664285
2025-03-11 12:00:00,21.34438844687825,4.4107888099996115,0.1483958061802465,2.3415682042487007
2025-03-11 13:00:00,20.801336238290695,4.336663163885062,0.1750090049793428,2.411672941181156
2025-03-11 14:00:00,19.323136469720193,3.8238858074749382,0.13944360510201403,2.3871642469701957
2025-03-11 15:00:00,18.65454213295903,2.8454012547386984,0.14646314240432992,2.1252904521284806
2025-03-11 16:00:00,17.995821183555687,2.1676858031087307,0.13767568760836,2.9031231503983466
2025-03-11 17:00:00,16.47630026568123,1.0811084406566114,0.30952461970536166,3.69368803702775
2025-03-11 18:00:00,19.50652194132558,5.019122064731078e-16,0.3168918893365168,3.988053030483827
2025-03-11 19:00:00,15.823520567996846,0.0,0.31669922781404636,4.038518969954228
2025-03-11 20:00:00,17.409196188359665,0.0,0.31223948753146,3.7491642689102638
2025-03-11 21:00:00,17.244112141445456,0.0,0.2980237953220403,3.630258283249886
2025-03-11 22:00:00,15.982848542990045,0.0,0.14634759022510152,2.90284542022021
2025-03-11 23:00:00,13.538250459177142,0.0,0.13328830227505933,2.8792637695561063
2025-03-12 00:00:00,14.794631623784765,0.0,0.12035873535181793,2.7003225609880763
2025-03-12 01:00:00,14.25496559982627,0.0,0.10468978078148468,2.443125514621181
2025-03-12 02:00:00,13.235407485831342,0.0,0.09508043095130518,2.443059768941396
2025-03-12 03:00:00,15.554255067302613,0.0,0.11328056888986968,2.1838713210014604
2025-03-12 04:00:00,13.920476801540147,0.0,0.0902723548324,2.759089574925518
2025-03-12 05:00:00,18.194098435664632,0.0,0.10406622034222675,2.2203491054918425
2025-03-12 06:00:00,16.49211054233226,0.0,0.09827370865709166,3.041275623216571
2025-03-12 07:00:00,18.267233107396674,1.274019740875789,0.156386771398803,3.390392575655636
2025-03-12 08:00:00,19.113968295599065,2.036367473889334,0.14936426460813879,3.7598410831360165
2025-03-12 09:00:00,18.921999371283377,3.026841862593181,0.13549072108888777,3.4573457698104173
2025-03-12 10:00:00,20.66715340184608,3.767156686075792,0.15075576372670038,2.767590044248672
2025-03-12 11:00:00,19.374458482213267,4.619468604327806,0.16048864141875363,2.7259856790966164
2025-03-12 12:00:00,21.495982434465716,4.9925146201619715,0.14970783594146014,2.157993083487272
2025-03-12 13:00:00,18.06784444677693,4.096173170986492,0.15775115121589087,1.8734122409198146
2025-03-12 14:00:00,19.976682068952783,4.221273977215517,0.13954470514325945,2.146425220202066
2025-03-12 15:00:00,22.218750330426918,3.415766111255399,0.14973739206730147,2.694708112895726
2025-03-12 16:00:00,17.188539501371487,2.112328698820883,0.1437548954491142,2.944065783271459
2025-03-12 17:00:00,16.948876167800137,1.1386310574955727,0.3074698084010471,3.469339422747309
2025-03-12 18:00:00,17.959898262768224,5.400291764666009e-16,0.30031491562261997,4.141934963460061
2025-03-12 19:00:00,16.681952025881685,0.0,0.3069007367633661,3.8718951924200877
2025-03-12 20:00:00,16.21498163719019,0.0,0.31087710426157866,3.7667572396435114
2025-03-12 21:00:00,15.801496839941704,0.0,0.3069161857512139,3.2812911780886456
2025-03-12 22:00:00,15.54304247976919,0.0,0.15273118434293645,3.1825038592392527
2025-03-12 23:00:00,15.95580877234698,0.0,0.14001787741488594,2.6823946087316135
2025-03-13 00:00:00,14.907804931330993,0.0,0.099972138893331,2.68011387563809
2025-03-13 01:00:00,14.033412985143206,0.0,0.09466909597984167,2.5279666938874605
2025-03-13 02:00:00,15.703861286389007,0.0,0.09655936043295774,2.211368708545384
2025-03-13 03:00:00,18.021579504721405,0.0,0.0962546584924975,2.0662643750259764
2025-03-13 04:00:00,15.594126326364364,0.0,0.09020074425217756,2.5152492497217662
2025-03-13 05:00:00,15.054825853624699,0.0,0.0804266141086601,2.506047350086687
2025-03-13 06:00:00,18.953697949868683,0.0,0.09331856951672234,3.4518624099427044
2025-03-13 07:00:00,17.88896233531539,1.0715075795796165,0.15193379451924158,3.4410451920401672
2025-03-13 08:00:00,15.53407262691717,2.2079092840092054,0.1365182295457251,3.8379240654009403
2025-03-13 09:00:00,20.6855298052235,3.2163377131117405,0.15015682236471622,3.446868950592134
2025-03-13 10:00:00,19.088160878360657,3.812884240035565,0.16900268424310963,3.0522852639624287
2025-03-13 11:00:00,20.05505450134919,4.365609642455741,0.16023056555252238,2.462191118483386
2025-03-13 12:00:00,20.791047441791747,4.99652630879862,0.1664354150912053,2.0916478637486273
2025-03-13 13:00:00,20.47660394447403,3.9943132006329507,0.15391127876932725,2.240442982594037
2025-03-13 14:00:00,20.9553308830001,4.049063709538873,0.16167509822986445,2.2579756601614513
2025-03-13 15:00:00,18.761167733643102,3.108442093433885,0.1427603526953221,2.245096252848704
2025-03-13 16:00:00,19.56273564320235,2.066504899453664,0.14355659732978016,3.097449635696505
2025-03-13 17:00:00,17.68021406486991,1.0763602779292878,0.27260859793862524,3.4377449094975754
2025-03-13 18:00:00,18.40129266726948,6.061111467669774e-16,0.311861454740423,3.955644298505203
2025-03-13 19:00:00,17.439671036650243,0.0,0.31540323979819884,4.345624058074731
2025-03-13 20:00:00,14.389918892871332,0.0,0.2944682275465273,4.247262356005296
2025-03-13 21:00:00,16.80072977664113,0.0,0.2974604829360276,3.547942921274904
2025-03-13 22:00:00,13.891055566913836,0.0,0.14246137886309038,3.468218099187107
2025-03-13 23:00:00,15.607386164492738,0.0,0.1538265355147749,2.545934479491087
2025-03-14 00:00:00,14.946479920765574,0.0,0.11124932545303241,2.3777359360191856
2025-03-14 01:00:00,17.255046986989043,0.0,0.0825722802611896,2.1177853155688355
2025-03-14 02:00:00,14.46227376575247,0.0,0.10409438530642252,2.2499789325809503
2025-03-14 03:00:00,14.750253412926625,0.0,0.09723328228280854,2.9194023486339353
2025-03-14 04:00:00,15.866419541831965,0.0,0.1011339439196669,2.177573891474982
2025-03-14 05:00:00,16.164322141104588,0.0,0.10458994001674292,2.4476392695173024
2025-03-14 06:00:00,18.59546180357664,0.0,0.0981179756122718,3.1726413962164415
2025-03-14 07:00:00,15.747540173316246,1.1573714346934236,0.1489641314659422,3.7366948980189907
2025-03-14 08:00:00,17.315025321944034,2.2767358881049247,0.1478612483244536,3.3770151168970433
2025-03-14 09:00:00,17.915164911854415,3.2316808863452735,0.15970316201788282,3.455474167334227
2025-03-14 10:00:00,21.419086549977244,3.6460597817176885,0.15418759960127496,3.2039731568445697
2025-03-14 11:00:00,22.859246488403656,4.580682413048301,0.1522058353773736,2.4842492040644752
2025-03-14 12:00:00,20.238875122857355,4.02519909482107,0.13729048278907716,2.737660671011684
2025-03-14 13:00:00,20.04009384474575,4.206444558415487,0.14621420256786846,1.7757404831560892
2025-03-14 14:00:00,20.098703406686653,4.139785589123553,0.15898669160339174,2.319598182826981
2025-03-14 15:00:00,21.25968674813549,3.2271596330875556,0.15037696573123924,2.640379939910786
2025-03-14 16:00:00,17.5045192493777,2.13058121625543,0.15659531469589139,3.051368983818777
2025-03-14 17:00:00,18.529559560073306,1.2151432831494702,0.31766511800327635,3.2998290446882383
2025-03-14 18:00:00,18.85834539533721,5.593440700215343e-16,0.31038606069208813,3.751592129649447
2025-03-14 19:00:00,17.370733070265768,0.0,0.30093158337699744,4.164341470722335
2025-03-14 20:00:00,16.17992137556168,0.0,0.29489010829804274,4.191235191179901
2025-03-14 21:00:00,16.775797745954634,0.0,0.274464504039441,3.608039050816933
2025-03-14 22:00:00,10.742624299811393,0.0,0.14831615077527147,3.892035981696855
2025-03-14 23:00:00,15.51458445109272,0.0,0.1467398750418315,2.498268910445753
2025-03-15 00:00:00,13.515308613098199,0.0,0.10390366194395376,2.4931119645453435
2025-03-15 01:00:00,11.852695313637444,0.0,0.09846094773025313,2.5529546126160474
2025-03-15 02:00:00,15.66514982572349,0.0,0.09679614940563207,2.2196229605038784
2025-03-15 03:00:00,17.43558961197413,0.0,0.0822060106949278,2.3366788253763207
2025-03-15 04:00:00,15.790249365847798,0.0,0.09060032170849934,2.4897697854366085
2025-03-15 05:00:00,18.14927682328618,0.0,0.10476651040800558,3.0083505398172385
2025-03-15 06:00:00,19.914839524772304,0.0,0.11715907631132695,2.948477354513669
2025-03-15 07:00:00,20.24525095347297,1.1092016260262263,0.14902474616254377,3.3356848447735787
2025-03-15 08:00:00,21.456368931846423,2.367304150355267,0.15327811073574124,3.5212477029145264
2025-03-15 09:00:00,20.730933717956816,2.8453596913030412,0.15952478156952804,3.196274415164431
2025-03-15 10:00:00,20.20764880749504,3.970577356568221,0.1418910606379975,2.898835745369589
2025-03-15 11:00:00,17.991250898810787,4.77309758594919,0.15366814043285443,2.716909313148907
2025-03-15 12:00:00,20.12732840559441,4.1744092671115,0.1425950989366784,2.240690224622322
2025-03-15 13:00:00,19.12932972368225,4.3192817292283605,0.1586482443849101,1.9618608993530022
2025-03-15 14:00:00,23.35091242538937,3.54327538251597,0.1515140304795173,1.9958165679594337
2025-03-15 15:00:00,19.353913762700472,3.2708510477719592,0.1529845181398144,2.3170338943334166
2025-03-15 16:00:00,19.181229347966063,2.2752658402981125,0.14217401402581412,2.8284152003052285
2025-03-15 17:00:00,19.1001073371576,1.1407101363945373,0.30707032359610786,3.5794174971126207
2025-03-15 18:00:00,17.561825807348015,5.537089897086212e-16,0.3208471292123102,3.594163600896628
2025-03-15 19:00:00,19.2625415631279,0.0,0.28992088304571795,3.936035149359024
2025-03-15 20:00:00,15.062448095187657,0.0,0.29660240992352477,4.191043091381386
2025-03-15 21:00:00,15.667012977085557,0.0,0.30231607474168093,3.253857382298863
2025-03-15 22:00:00,13.784640047888946,0.0,0.15786406211995815,3.1522628571755895
2025-03-15 23:00:00,12.61861089209107,0.0,0.1444045371471053,2.9135820209920604
2025-03-16 00:00:00,13.678012980055248,0.0,0.0716696970985726,2.3599475615651246
2025-03-16 01:00:00,14.642333941973353,0.0,0.11359189494164025,2.4445790726448187
2025-03-16 02:00:00,14.35363706828397,0.0,0.10760506119584143,2.4221151247134896
2025-03-16 03:00:00,14.43571480304275,0.0,0.08257052469513335,2.382562403565018
2025-03-16 04:00:00,13.986190420905425,0.0,0.09392431208220445,2.7702525999951746
2025-03-16 05:00:00,16.694551122162572,0.0,0.11568182429527327,2.9882475160570254
2025-03-16 06:00:00,15.338586055366672,0.0,0.11447796418457867,3.5570170577800755
2025-03-16 07:00:00,19.512207697255143,1.0820668204473536,0.15938640022678943,2.9391921142451642
2025-03-16 08:00:00,19.21932624581493,2.134398807515099,0.14823887566040136,3.615425555793511
2025-03-16 09:00:00,17.53065971077542,2.968890052116279,0.1508298741881251,3.3445523304306004
2025-03-16 10:00:00,19.729929212191696,3.6778860721383753,0.14869074194873874,2.941434136418179
2025-03-16 11:00:00,19.365209486894507,4.1596779012584095,0.16128239783268838,2.410645208875363
2025-03-16 12:00:00,21.074428382041948,4.5551337867531885,0.14124157593504888,2.241413816974208
2025-03-16 13:00:00,22.5041197643151,4.431659605697182,0.14194200345115796,2.1508343245441
2025-03-16 14:00:00,17.380984123297875,3.833461230956849,0.16010274586836015,2.1393250457896316
2025-03-16 15:00:00,19.889526078693944,3.2635953314406163,0.14955638544488437,2.2278007631015493
2025-03-16 16:00:00,18.855467423063214,2.0407874628056826,0.16378467355453807,2.7239033768991554
2025-03-16 17:00:00,19.379133866396437,1.057997448096711,0.29328487793019453,3.3875520429087214
2025-03-16 18:00:00,17.91546155876971,5.109017595215637e-16,0.29945221639661174,3.9396243073361648
2025-03-16 19:00:00,15.691255483497384,0.0,0.2907758701515605,4.447719542385119
2025-03-16 20:00:00,15.61708571291325,0.0,0.30007362681423566,3.996786568753916
2025-03-16 21:00:00,14.280307487648301,0.0,0.285214530630012,3.8437721080177676
2025-03-16 22:00:00,16.611601112957757,0.0,0.14512366579045036,3.172247704351273
2025-03-16 23:00:00,14.729856610553885,0.0,0.1356374613507188,3.029329221752586
2025-03-17 00:00:00,17.54503900688371,0.0,0.10693923233191259,2.0433319422895044
2025-03-17 01:00:00,14.704484278665062,0.0,0.10716589339759652,2.3545567782495613
2025-03-17 02:00:00,14.032566616535187,0.0,0.08269737269515656,2.530980347590982
2025-03-17 03:00:00,13.301361045775314,0.0,0.11333885745500573,2.399800580377836
2025-03-17 04:00:00,13.488543463870279,0.0,0.12497415126419854,2.7056558073217634
2025-03-17 05:00:00,14.540591928438399,0.0,0.10046006386736342,3.0510249554693027
2025-03-17 06:00:00,18.09394295477142,0.0,0.09358885739775356,3.038185506964466
2025-03-17 07:00:00,19.23279764840666,1.2646341885349202,0.17824330591003046,3.2696929477848538
2025-03-17 08:00:00,16.821466925205996,2.2292592810935075,0.13681031501697488,3.684978728219197
2025-03-17 09:00:00,21.15713079292801,3.227652994130488,0.150201064668691,3.158906085678281
2025-03-17 10:00:00,19.566737612082353,4.038300016962161,0.15179622272631924,3.0511014974901127
2025-03-17 11:00:00,20.811219975099725,4.519631276209034,0.16345147620452413,2.474737528356578
2025-03-17 12:00:00,23.111583920637333,4.931740403316509,0.15359738975126788,2.1627058006575397
2025-03-17 13:00:00,21.9362894309197,4.826682494938046,0.1450136610421155,2.0482080781110192
2025-03-17 14:00:00,19.888533217748765,4.087776271028849,0.14048815629612044,2.1682547186751893
2025-03-17 15:00:00,18.477784983690906,3.0315231894757524,0.14658178179753864,2.317498743680194
2025-03-17 16:00:00,15.96552987626024,2.4398762011471717,0.13993072639054854,3.1894075354723364
2025-03-17 17:00:00,17.39098013469813,1.048015490510597,0.3004782531978468,3.3347258642503563
2025-03-17 18:00:00,17.376557620012655,5.181579623406405e-16,0.2943580382013951,4.203086330855635
2025-03-17 19:00:00,15.436026552219857,0.0,0.2850596220671025,4.600719319366669
2025-03-17 20:00:00,15.99636752761574,0.0,0.31255145788374905,3.871802057632099
2025-03-17 21:00:00,15.687210459132707,0.0,0.2950232747657096,3.6321156918649478
2025-03-17 22:00:00,14.757892794188763,0.0,0.13731863195024688,3.072060859945654
2025-03-17 23:00:00,13.820471628151802,0.0,0.14831740865512458,2.840006927974288
2025-03-18 00:00:00,15.04213431431739,0.0,0.1006837156596766,2.7559325697527273
2025-03-18 01:00:00,15.554285801854208,0.0,0.08253533274420967,2.2352526570316265
2025-03-18 02:00:00,13.555477478849713,0.0,0.10331647667125764,2.6220514047614456
2025-03-18 03:00:00,17.784230532427063,0.0,0.08952842431309736,2.200061995360763
2025-03-18 04:00:00,16.141270107940908,0.0,0.11711028809190788,2.2259246377437414
2025-03-18 05:00:00,17.040969605477006,0.0,0.10523960512076735,2.431043259648203
2025-03-18 06:00:00,18.851473941252134,0.0,0.09600100009890684,2.668591606794102
2025-03-18 07:00:00,18.915433638570114,1.0895480177818502,0.14254832229682649,3.1465523218780764
2025-03-18 08:00:00,20.71885725723717,2.488280511661452,0.14895032292436375,2.9300050971630465
2025-03-18 09:00:00,20.341158897729677,3.284937084935704,0.15612790741583288,3.4327526338951437
2025-03-18 10:00:00,19.468572455759958,4.273440356788685,0.149745058714148,3.3212418360963216
2025-03-18 11:00:00,21.229185073043656,4.156751237070402,0.14782841192863141,2.5198659633911777
2025-03-18 12:00:00,19.073562995386308,4.78189091299689,0.15058370290817896,1.934642319128646
2025-03-18 13:00:00,20.84976934389929,4.603465948571268,0.14396141068763044,1.991997568749707
2025-03-18 14:00:00,20.337383531753925,4.0630929803252664,0.14656794073156962,2.0890581230501617
2025-03-18 15:00:00,19.59829736401813,3.5112369923353737,0.12914207561094995,2.2035573172239102
2025-03-18 16:00:00,19.096346039208903,2.196777668053157,0.15973726230852367,2.9856790411020837
2025-03-18 17:00:00,15.742835873428405,1.0691083132799424,0.3029879778032176,3.773611894081026
2025-03-18 18:00:00,16.966064944755857,5.721193301021572e-16,0.29226544155966566,3.7026622739174426
2025-03-18 19:00:00,17.15196252277141,0.0,0.31898734981355237,4.246781111093708
2025-03-18 20:00:00,16.5289368943634,0.0,0.30087016480392387,4.2915649643087335
2025-03-18 21:00:00,14.126319251418721,0.0,0.28963856428024803,4.185993423950682
2025-03-18 22:00:00,17.089637856311036,0.0,0.15856737421470457,3.4954251813754125
2025-03-18 23:00:00,13.592112555178343,0.0,0.1539804821650926,2.7523409994801855
2025-03-19 00:00:00,16.33752198450199,0.0,0.1039457998548422,2.764844641080656
2025-03-19 01:00:00,15.626350247652205,0.0,0.09574244395348411,2.217277929257269
2025-03-19 02:00:00,14.315919007592862,0.0,0.10450495723778035,2.340260122820679
2025-03-19 03:00:00,18.42498217906651,0.0,0.09738241709778905,2.131319875425924
2025-03-19 04:00:00,14.592880936077163,0.0,0.10555941451645842,2.4954449460454367
2025-03-19 05:00:00,18.48561030881932,0.0,0.08095055545989362,2.56678753531659
2025-03-19 06:00:00,19.38420966077635,0.0,0.09566126537020811,2.6457806435282656
2025-03-19 07:00:00,17.653863005404478,1.2380317126349243,0.16722155097808195,3.3175323875964073
2025-03-19 08:00:00,21.472034133808375,2.454626347218496,0.142329325445997,3.757127565898819
2025-03-19 09:00:00,19.629586755373097,3.0902208138572718,0.14396161702506813,3.3124238954501872
2025-03-19 10:00:00,20.914452838984985,4.114728248973285,0.14552038661550024,2.9387222251930845
2025-03-19 11:00:00,21.17159642073592,4.730134221212994,0.13785193864111356,2.585353536527335
2025-03-19 12:00:00,20.68187307150606,4.846124210530231,0.12791719223771747,2.4520284168602995
2025-03-19 13:00:00,21.99732607231876,4.04028747853773,0.14769413601476386,1.7895079028918097
2025-03-19 14:00:00,21.67164547589352,4.292274677961145,0.15135859424081657,2.2977383024226476
2025-03-19 15:00:00,17.381858567414255,3.094777590087074,0.14947494931461347,2.427623416728522
2025-03-19 16:00:00,21.33984654802911,2.169620330586918,0.14855121438052113,2.84697009248542
2025-03-19 17:00:00,16.166055336965933,1.0514345969206023,0.30043040870850385,3.7727635835339313
2025-03-19 18:00:00,19.432155490224368,5.493978205918731e-16,0.3102284147155076,3.5708430957693085
2025-03-19 19:00:00,18.796936753645696,0.0,0.2980955381407078,3.797471516648158
2025-03-19 20:00:00,14.746886538389086,0.0,0.2942591742291273,3.812962482367437
2025-03-19 21:00:00,15.145794408220365,0.0,0.29718874515111915,3.5733129757358175
2025-03-19 22:00:00,13.626702969629664,0.0,0.15579346759756776,3.6040214320357475
2025-03-19 23:00:00,14.663177159411575,0.0,0.16412026878543248,2.7800943391661437
2025-03-20 00:00:00,14.513725275293831,0.0,0.09371856260830823,2.1508311817756374
2025-03-20 01:00:00,16.247490021109247,0.0,0.10098933787028884,2.1164466852291723
2025-03-20 02:00:00,17.343163609398538,0.0,0.10338357441935961,1.7979115209819767
2025-03-20 03:00:00,17.947982074197736,0.0,0.09007421993271178,1.8471103312003945
2025-03-20 04:00:00,15.63252466170499,0.0,0.10020417167212918,2.5648637478414424
2025-03-20 05:00:00,16.88548675564809,0.0,0.08534326142657905,2.385945631248308
2025-03-20 06:00:00,15.450619413241018,0.0,0.08230949696260602,3.438248612527464
2025-03-20 07:00:00,17.543428737135724,1.211930655368416,0.15366746407892257,3.364310962035278
2025-03-20 08:00:00,20.92305415121863,2.1658084245539166,0.14616125258669216,3.517130059815388
2025-03-20 09:00:00,22.52047128045443,3.1823901546232647,0.1520228040762122,3.2681615602148395
2025-03-20 10:00:00,18.722329605105877,4.023315906539574,0.14982105022991649,3.0649726355538522
2025-03-20 11:00:00,19.984857791710308,4.3568764490861005,0.14023599951336202,2.646933793139275
2025-03-20 12:00:00,20.93616806613405,4.11995294173097,0.14954745698035662,2.284906961379202
2025-03-20 13:00:00,21.29379591866906,4.165134025341885,0.13766898694985144,2.233510666511226
2025-03-20 14:00:00,19.35944763304329,4.158996961492996,0.163909723580014,2.1384155580710758
2025-03-20 15:00:00,20.73318861182822,3.437541666576797,0.13644029655140036,2.515514874048395
2025-03-20 16:00:00,18.765017680966068,2.068650016357785,0.14804214729031417,2.746066958328291
2025-03-20 17:00:00,18.730555430562585,1.2817720102342132,0.2895772841195275,3.3411465144498487
2025-03-20 18:00:00,18.79520307357799,5.301278763024966e-16,0.30570421173360796,3.754751676178418
2025-03-20 19:00:00,17.208952970981287,0.0,0.29668568628718495,4.003482340555181
2025-03-20 20:00:00,15.82119786578259,0.0,0.2948133328037879,3.933308755478619
2025-03-20 21:00:00,15.690041652124055,0.0,0.3085320154505155,3.711373115591907
2025-03-20 22:00:00,15.245156051411124,0.0,0.1502943059167755,3.405841775908902
2025-03-20 23:00:00,14.522982677882046,0.0,0.15516644445935968,3.0552555089782922
2025-03-21 00:00:00,14.678252373827846,0.0,0.09018674063482536,2.147799841893426
2025-03-21 01:00:00,17.56663974471837,0.0,0.08595183056072493,2.3131250775924617
2025-03-21 02:00:00,16.30974942838704,0.0,0.10107207962040134,2.155861863077895
2025-03-21 03:00:00,15.501905647225117,0.0,0.09681153644505269,2.485823325812459
2025-03-21 04:00:00,17.611878074594603,0.0,0.10626434672453945,2.068334489832504
2025-03-21 05:00:00,16.78926009788692,0.0,0.0992009154733745,2.660663478215655
2025-03-21 06:00:00,19.82613342420846,0.0,0.1020507533923463,2.9725407176551073
2025-03-21 07:00:00,19.3973668914332,1.0789799666570876,0.13376617470058755,3.026825510273701
2025-03-21 08:00:00,19.405493251822154,2.026817395760415,0.16888436939614257,3.621664552295321
2025-03-21 09:00:00,20.85934220010356,3.335751484871816,0.14835758014967967,3.5930231553040812
2025-03-21 10:00:00,18.308208451079064,3.8758756634118776,0.15697586970339197,2.8754734787087823
2025-03-21 11:00:00,19.274072743330997,4.683869011685269,0.14163908329780373,2.762335441749475
2025-03-21 12:00:00,19.275558958229915,4.38339714105826,0.1530800990221734,2.179957392306286
2025-03-21 13:00:00,21.178638588841263,4.026247939807344,0.13697155236475253,2.2904697515390198
2025-03-21 14:00:00,23.263295178409454,4.188481802613815,0.1545206783825967,1.737119498864941
2025-03-21 15:00:00,23.53471703067709,3.216564847537495,0.14644025915614167,2.890829828529278
2025-03-21 16:00:00,20.523523119989633,2.094597896195177,0.15029190503935566,3.112734162471644
2025-03-21 17:00:00,19.59417031555275,1.2217252790313637,0.306979740301301,3.283775089166632
2025-03-21 18:00:00,15.36485986659939,5.524520877966137e-16,0.2876745968877972,3.7314794367309867
2025-03-21 19:00:00,16.475978632919904,0.0,0.293155082693872,4.2404886426474855
2025-03-21 20:00:00,15.38477083996614,0.0,0.3045732428108676,3.8347172487062005
2025-03-21 21:00:00,15.013854726892182,0.0,0.32098221474546745,3.7879482333594523
2025-03-21 22:00:00,15.216154528597999,0.0,0.14861917665338517,3.229513919916641
2025-03-21 23:00:00,14.460533122415603,0.0,0.15591136117923932,2.640248427499949
2025-03-22 00:00:00,12.18636889950782,0.0,0.0989302853014152,2.9223323307237914
2025-03-22 01:00:00,16.379406520380595,0.0,0.119422455947563,2.3588673947928545
2025-03-22 02:00:00,13.948127865108475,0.0,0.08252778333034745,2.6980528184526213
2025-03-22 03:00:00,16.392868567678583,0.0,0.10094621044669358,2.2605327130627044
2025-03-22 04:00:00,19.766442619696463,0.0,0.0837445596643794,1.9198981118105571
2025-03-22 05:00:00,15.999784592384302,0.0,0.07493428429463284,2.9225790105433957
2025-03-22 06:00:00,14.359887330952006,0.0,0.10297462053117817,3.2925353215343267
2025-03-22 07:00:00,18.5027694175589,1.0644167374448164,0.15139497796147458,3.045790440019098
2025-03-22 08:00:00,21.30675806756936,2.203889017203081,0.14715163062257797,3.7704189922213485
2025-03-22 09:00:00,23.214160139962033,3.455192689398793,0.14893805909960248,3.7437176578369202
2025-03-22 10:00:00,18.90907043474619,3.504975157782521,0.18098299434071258,2.902153442049267
2025-03-22 11:00:00,21.798144928793487,4.7923604478920625,0.14741824861968564,2.922126046504531
2025-03-22 12:00:00,20.457352929901422,4.679162568319563,0.15510124361250074,2.2361590367190374
2025-03-22 13:00:00,20.894173562482504,4.4735656680605205,0.14350635180386118,2.0444616644964264
2025-03-22 14:00:00,24.71990984695037,3.6984128044853857,0.15295232575040602,2.1627282782606203
2025-03-22 15:00:00,18.022183466038413,3.0043494856671935,0.1476176632494438,2.734490754265134
2025-03-22 16:00:00,20.03592810731336,2.4710291097442973,0.1458948151727027,2.657613737145498
2025-03-22 17:00:00,19.633315508027213,1.112474772195345,0.31818898532200324,3.4877540520123658
2025-03-22 18:00:00,19.78399810248052,5.848307275938154e-16,0.3117718496318434,3.6978476590398355
2025-03-22 19:00:00,17.52583620997028,0.0,0.3013674664739923,3.9648387072254696
2025-03-22 20:00:00,17.117394424327653,0.0,0.2769578806405603,4.1216374667914835
2025-03-22 21:00:00,15.446525420379173,0.0,0.2963899077674743,3.5710496733716455
2025-03-22 22:00:00,15.960932815585846,0.0,0.17703027564405083,2.9768683057611844
2025-03-22 23:00:00,14.74275272295818,0.0,0.1476933833336029,3.021223648670206
2025-03-23 00:00:00,16.17472464335028,0.0,0.11103217572053659,2.539015695384145
2025-03-23 01:00:00,14.790173825633547,0.0,0.11441942401952601,2.517398338258112
2025-03-23 02:00:00,16.209941188066168,0.0,0.10218963915855976,2.100516597115196
2025-03-23 03:00:00,16.077152244479095,0.0,0.09158178368131849,2.1945254312533478
2025-03-23 04:00:00,18.431442184724457,0.0,0.07564687668217113,2.218985977941306
2025-03-23 05:00:00,17.38881908787591,0.0,0.10684163208608954,2.624506429027307
2025-03-23 06:00:00,15.582818106255882,0.0,0.09185243997176452,3.0022847262970656
2025-03-23 07:00:00,20.911706194944752,1.1666935792333686,0.1517615045188769,3.4683540565736046
2025-03-23 08:00:00,18.383768357272274,2.069185797360278,0.13750179660410636,3.517113784954403
2025-03-23 09:00:00,19.383037644152616,3.523328918264079,0.14734762459529796,2.9806944900087924
2025-03-23 10:00:00,19.94695107885428,3.6805844888875963,0.1503371905490105,2.724617771352962
2025-03-23 11:00:00,23.201801427189633,3.934567552637117,0.15268593581044299,2.38947608085354
2025-03-23 12:00:00,18.03885548759816,4.663146248975209,0.13885177812647587,2.2033245532285566
2025-03-23 13:00:00,25.846767087923396,4.438783058194774,0.1619691094876135,2.7754236676190054
2025-03-23 14:00:00,22.424528233518597,3.8236282977661773,0.14403105215268028,2.2284677532830863
2025-03-23 15:00:00,20.698545523319584,3.126962116287515,0.13325530539546754,2.2389198946868603
2025-03-23 16:00:00,19.660025807641773,2.392531960523215,0.14890976580036536,2.8577686742844848
2025-03-23 17:00:00,19.447155056160252,1.0859303390351687,0.30034375309026456,3.2702826405265917
2025-03-23 18:00:00,19.02405045113521,5.903107798125265e-16,0.3016058943317176,3.8746320739583857
2025-03-23 19:00:00,18.433733052183726,0.0,0.3136213240368508,4.116113942343898
2025-03-23 20:00:00,17.575773507571377,0.0,0.2976355116326414,4.102428167453111
2025-03-23 21:00:00,16.255417486889435,0.0,0.29880380375631227,3.5451326955142792
2025-03-23 22:00:00,15.348282966751897,0.0,0.13896815618766906,3.459137469025283
2025-03-23 23:00:00,15.11767940421873,0.0,0.15820553502887896,2.931276039991217
2025-03-24 00:00:00,15.035202833525195,0.0,0.10184309064078104,2.2147909449563934
2025-03-24 01:00:00,17.13044292048761,0.0,0.09579972272705838,2.549599219368471
2025-03-24 02:00:00,16.619824126122193,0.0,0.08095325306534537,2.247683502327282
2025-03-24 03:00:00,11.795661958498155,0.0,0.11444412195055088,2.6434010646361292
2025-03-24 04:00:00,17.811416418848857,0.0,0.08772320035543943,2.5562155651775202
2025-03-24 05:00:00,17.843212410824815,0.0,0.09408721990630295,2.921348734927996
2025-03-24 06:00:00,18.299502119385373,0.0,0.10358344511076004,2.9031910283318134
2025-03-24 07:00:00,18.521244709728453,1.049442047352284,0.13803442071383312,3.2230164165825124
2025-03-24 08:00:00,21.513734334033238,2.1021210531842143,0.13506490221746856,3.4655361275357506
2025-03-24 09:00:00,21.870175290798144,3.124489299843069,0.12876052417299336,3.466782499239958
2025-03-24 10:00:00,19.76632496367212,3.6543110428590326,0.15720996952905636,3.1659743988512106
2025-03-24 11:00:00,21.835921163608226,3.863922607234841,0.14454813755273677,2.6043992817565873
2025-03-24 12:00:00,19.870080152242288,4.915001537747528,0.1792727009247333,2.2382407326911213
2025-03-24 13:00:00,19.155915485738028,4.678828222737841,0.14005644934369127,2.420155199390582
2025-03-24 14:00:00,19.985565628522586,4.1069455446372904,0.1407854897657108,2.1182661974448562
2025-03-24 15:00:00,21.742475806187997,2.9470899633095757,0.14434607029714597,2.613258140339967
2025-03-24 16:00:00,21.257252822118346,2.060181788104993,0.15243134655138488,2.7560299537527966
2025-03-24 17:00:00,19.87365051950772,1.0527735771129214,0.29529796661214686,3.426904781619547
2025-03-24 18:00:00,19.415208934326213,5.785267225109426e-16,0.30612332214002513,3.7869679130935867
2025-03-24 19:00:00,18.325375549419093,0.0,0.29021411610011344,3.9888299684062134
2025-03-24 20:00:00,15.865342861219789,0.0,0.28618408281536417,3.9903564120780715
2025-03-24 21:00:00,16.854128727505486,0.0,0.2820178526059089,3.7471154520104974
2025-03-24 22:00:00,16.930103330542426,0.0,0.12776425832062802,2.7949417122287463
2025-03-24 23:00:00,16.561224769907373,0.0,0.14481930980524943,2.4283996130915995
2025-03-25 00:00:00,17.194258762609376,0.0,0.09699019687606779,2.521390855597751
2025-03-25 01:00:00,16.5755669973318,0.0,0.09368562972516817,2.3697827099283413
2025-03-25 02:00:00,16.33998480535647,0.0,0.11243405797187163,1.738842578426542
2025-03-25 03:00:00,17.89479371931241,0.0,0.11228030209608136,1.965478406290785
2025-03-25 04:00:00,16.87110681652382,0.0,0.09665197012555499,1.9760722396980293
2025-03-25 05:00:00,16.31161959324827,0.0,0.08206078886808038,2.499446217314441
2025-03-25 06:00:00,18.166288259481767,0.0,0.09433294891944947,2.2820931478289177
2025-03-25 07:00:00,18.0699918734953,1.049208545464258,0.1440017860608294,3.2963485531188432
2025-03-25 08:00:00,18.89812129293584,2.0949376645479596,0.1434286503772194,3.2716227551942207
2025-03-25 09:00:00,20.315431042883777,2.855974482079613,0.14302281096101754,3.335817205095706
2025-03-25 10:00:00,19.820335035250785,3.8034198033557325,0.14346537104275192,2.585378816068603
2025-03-25 11:00:00,20.846723889806057,4.638763911818241,0.1461345838410224,2.5068841862182807
2025-03-25 12:00:00,18.570466704966734,4.3412444497577205,0.14364458901184443,2.134912835372702
2025-03-25 13:00:00,21.628606745324024,4.292751529469153,0.1520832250862559,2.4209434383674155
2025-03-25 14:00:00,21.010773129794064,4.049176923507923,0.1536036871590486,2.463104864404286
2025-03-25 15:00:00,19.306576102354768,3.188269572598225,0.1408935491281751,2.564143393268642
2025-03-25 16:00:00,20.89975720804602,2.430722843010662,0.16271065326007034,2.7483197572908096
2025-03-25 17:00:00,20.593701047144812,1.259422706850144,0.29019937698159387,3.7377762690694265
2025-03-25 18:00:00,15.99954890884395,4.910724298099979e-16,0.2838219938618466,3.739127501422439
2025-03-25 19:00:00,16.490344402240527,0.0,0.3038077807136505,3.9004473507551793
2025-03-25 20:00:00,15.757175180716464,0.0,0.2918259186558566,4.062057217253099
2025-03-25 21:00:00,14.879713710174473,0.0,0.3032129147075739,4.165882069638304
2025-03-25 22:00:00,17.05702475694172,0.0,0.12596331398899469,2.8858285673085207
2025-03-25 23:00:00,15.222372018371,0.0,0.16392455941483067,2.7004593451438494
2025-03-26 00:00:00,15.095540210092972,0.0,0.10672293408040402,2.060656297508336
2025-03-26 01:00:00,12.588741446581553,0.0,0.08499523450836999,2.8418181801415807
2025-03-26 02:00:00,16.84736330601941,0.0,0.08521222876153715,2.345615148951467
2025-03-26 03:00:00,14.512104536219038,0.0,0.11672265904097529,2.6422678963840522
2025-03-26 04:00:00,17.08221141745838,0.0,0.09262620096502042,2.1872934205288206
2025-03-26 05:00:00,18.131920743688614,0.0,0.09165815151267377,2.345637353512683
2025-03-26 06:00:00,20.533300365816864,0.0,0.07733947905850717,2.6511716309947317
2025-03-26 07:00:00,17.305539008687784,1.1247187588320915,0.14649221794398445,3.423856287967284
2025-03-26 08:00:00,15.463044238327651,2.0034911309401737,0.14772280385164246,3.5883643445714646
2025-03-26 09:00:00,20.88940713274907,3.113731254024901,0.15715493096769484,3.0883528526865605
2025-03-26 10:00:00,23.791155455678485,3.6674049080023052,0.13600921571815525,2.8256649244629726
2025-03-26 11:00:00,23.24850948033525,4.654670281906486,0.1347971320775939,2.3924705805470294
2025-03-26 12:00:00,21.80680159497083,4.3373306088457655,0.15450962634776477,2.1103003852323767
2025-03-26 13:00:00,20.652635672478024,4.663029813012396,0.16006730071227065,2.2138417646977486
2025-03-26 14:00:00,22.30107257836817,3.464619445358597,0.13428847648882117,2.1966430524852165
2025-03-26 15:00:00,19.15331351606183,3.0460881331087384,0.16081514086299742,2.349443066564362
2025-03-26 16:00:00,20.706849126093218,2.1205826071538807,0.1503754184148682,2.8502450990853485
2025-03-26 17:00:00,20.026974846116392,1.0957278617689779,0.31091805339074646,3.1423947817964417
2025-03-26 18:00:00,20.082627333307208,4.982091722229865e-16,0.29929779638482384,3.8307361508336126
2025-03-26 19:00:00,21.855345395117943,0.0,0.27477722082512046,4.030120903505702
2025-03-26 20:00:00,17.580936422827037,0.0,0.2984803261768396,3.5593531163061476
2025-03-26 21:00:00,15.607546689937998,0.0,0.3106014381867127,3.8268732411565294
2025-03-26 22:00:00,15.85587479241758,0.0,0.14106253980916286,2.8941476033800355
2025-03-26 23:00:00,12.940921135858005,0.0,0.14612035031092546,3.028944459528552
2025-03-27 00:00:00,14.529742729785726,0.0,0.09823866496449023,2.6498164144746212
2025-03-27 01:00:00,15.060111290382453,0.0,0.07100486120131519,2.541203233374171
2025-03-27 02:00:00,15.18760361816411,0.0,0.11671347575437477,2.3610177383419995
2025-03-27 03:00:00,16.679024390910254,0.0,0.09098624320102826,2.151922672964711
2025-03-27 04:00:00,15.838182527846012,0.0,0.105057354324728,2.6519234035668906
2025-03-27 05:00:00,19.476901292098457,0.0,0.09913298863851792,2.6219177027490086
2025-03-27 06:00:00,18.57212302379661,0.0,0.11257619056359361,2.7861230770669
2025-03-27 07:00:00,19.334319080018954,1.1123137410248056,0.1540605612242808,3.1647677392572935
2025-03-27 08:00:00,19.579970351649937,2.149033100585002,0.14765075728479024,3.0855400826872836
2025-03-27 09:00:00,20.925918795767423,3.0549850468768276,0.14106484907480718,3.354642522073136
2025-03-27 10:00:00,22.407536034774083,3.6063781949192135,0.15797850701382138,2.893863518841428
2025-03-27 11:00:00,20.168894581720167,4.620179157438975,0.13126558696045382,2.717540090512381
2025-03-27 12:00:00,20.584637692806428,4.122497861965989,0.15645890420275893,2.289707109692841
2025-03-27 13:00:00,21.01400086212152,4.476976044515224,0.13900955248445127,2.3873986841642347
2025-03-27 14:00:00,19.15108225256281,3.571355420422759,0.1625228366195664,2.0413606464719267
2025-03-27 15:00:00,19.464245980396708,2.8783033524034867,0.15161299542662696,2.634704338860109
2025-03-27 16:00:00,19.357481116102324,2.454714751842938,0.15644123767850107,2.707859237602121
2025-03-27 17:00:00,20.65985333279597,1.0844851261552118,0.30081988813824717,3.4962194023758224
2025-03-27 18:00:00,18.965654419922203,5.904328569670225e-16,0.28247622904859004,3.5179287475455387
2025-03-27 19:00:00,18.085740158163066,0.0,0.2913927083660466,4.0470274648100135
2025-03-27 20:00:00,18.348159369671272,0.0,0.30672389337611383,3.4127372706277064
2025-03-27 21:00:00,16.244434400260577,0.0,0.30166655817359844,3.4978804678553965
2025-03-27 22:00:00,16.559433489959332,0.0,0.1618098990530567,3.074078099496007
2025-03-27 23:00:00,15.519202318153365,0.0,0.15403274563037173,2.5972950475656034
2025-03-28 00:00:00,16.047408535025905,0.0,0.09033298109297341,2.0247266439875524
2025-03-28 01:00:00,14.877449545641884,0.0,0.09203935862279367,2.547210985059452
2025-03-28 02:00:00,12.393063062158504,0.0,0.10102917390523238,2.6688033693795203
2025-03-28 03:00:00,16.326625924087363,0.0,0.07685955933999895,2.168796160153737
2025-03-28 04:00:00,19.283487215076374,0.0,0.11673441885622986,2.2113821094241537
2025-03-28 05:00:00,19.26223097898129,0.0,0.10441746736377558,3.014312535576402
2025-03-28 06:00:00,20.09746123781322,0.0,0.11227034597048872,3.1404966510320347
2025-03-28 07:00:00,21.28001822894335,1.2474107064886826,0.1341939605919083,3.5562612022952
2025-03-28 08:00:00,20.28235139736862,2.4440956748306517,0.16244565160355257,3.587120382824956
2025-03-28 09:00:00,21.0666589155945,2.969296715547441,0.17231498911027748,3.357133208251848
2025-03-28 10:00:00,20.320963379128255,3.7102124345807006,0.13679121644622683,2.4311866101790245
2025-03-28 11:00:00,21.07303320575309,4.14282546636218,0.15771401794903767,2.354505746291246
2025-03-28 12:00:00,22.573021735583175,4.377053931001699,0.15001109944687294,2.1217812083562726
2025-03-28 13:00:00,23.352969145546894,4.2436218986946574,0.13455566151751755,1.7455744325201898
2025-03-28 14:00:00,21.038271808758278,3.935700360054786,0.1549288397185187,1.9493503340120741
2025-03-28 15:00:00,20.095401457208986,2.9414791895971013,0.1583360320483735,2.010906978482059
2025-03-28 16:00:00,20.150156949211357,2.345623331892994,0.14398873447331154,2.805977746283578
2025-03-28 17:00:00,20.3276322696277,1.0786455921040106,0.3116591652025522,3.5044533841871313
2025-03-28 18:00:00,16.48358278672615,5.278605485947021e-16,0.28333236593210803,4.213005395369405
2025-03-28 19:00:00,14.428636445913043,0.0,0.28505243853550355,4.511520923843059
2025-03-28 20:00:00,16.323559736689088,0.0,0.3013659739558875,3.818168422274484
2025-03-28 21:00:00,14.696976028495584,0.0,0.3002538527797227,3.3505899379515545
2025-03-28 22:00:00,15.28907850310218,0.0,0.14283426511575895,2.7870761592629822
2025-03-28 23:00:00,15.529917053833051,0.0,0.15809594435971885,2.4464064740793603
2025-03-29 00:00:00,15.045074631541304,0.0,0.1053089431421595,2.177322298549763
2025-03-29 01:00:00,18.00587106791474,0.0,0.10858139070934017,1.9713315370789741
2025-03-29 02:00:00,16.616988180625988,0.0,0.09876863564647732,1.9797920695074136
2025-03-29 03:00:00,17.054338440932426,0.0,0.10602580267978341,2.247179966272116
2025-03-29 04:00:00,18.158257961140926,0.0,0.09554349696970006,2.156548224633404
2025-03-29 05:00:00,16.240240433097107,0.0,0.12053818690086596,2.7002589975638367
2025-03-29 06:00:00,20.283614926206226,0.0,0.09187454229878014,3.1378461916099667
2025-03-29 07:00:00,19.3877579505802,1.2820944613471899,0.1710529742945831,3.0877001218175577
2025-03-29 08:00:00,21.230668170937644,2.176163527126269,0.1503488794708941,3.5837520346849567
2025-03-29 09:00:00,19.238481739075233,2.8589035040534294,0.13624489110431257,3.3210415080412035
2025-03-29 10:00:00,18.992385307405044,3.6192023822851924,0.163680793504886,2.843705811651169
2025-03-29 11:00:00,22.849559210980573,4.242556601363841,0.15125901388394958,2.6673530797570644
2025-03-29 12:00:00,22.2895615342221,4.94777969796923,0.15851124098380237,2.393698921908169
2025-03-29 13:00:00,20.269647392406764,4.000091127274672,0.16223855918542593,1.9312546861320108
2025-03-29 14:00:00,20.0185288345171,4.125325731946335,0.15337955554145025,2.144401375283576
2025-03-29 15:00:00,22.53441976525762,2.905277285334609,0.14407759155187186,2.4633166091833987
2025-03-29 16:00:00,18.44082940577483,2.490628788695638,0.15975713377669248,2.7590411638185355
2025-03-29 17:00:00,21.965413810267332,1.1340457983048775,0.30000755507454596,3.4577044564749277
2025-03-29 18:00:00,17.374016143104022,5.847975693240617e-16,0.3068585781860842,3.9410368924612493
2025-03-29 19:00:00,18.906077998180837,0.0,0.27846269426208536,4.3665126530079785
2025-03-29 20:00:00,16.732019531452348,0.0,0.3044698171700985,3.655776687956649
2025-03-29 21:00:00,17.508408048139696,0.0,0.29361414174854966,3.3751439293487735
2025-03-29 22:00:00,15.310700030551219,0.0,0.1665330963717853,2.95415481354696
2025-03-29 23:00:00,15.582980407100179,0.0,0.15623087347889095,2.8146568782260135
2025-03-30 00:00:00,15.859915495313803,0.0,0.10239857745849297,1.9338789564950891
2025-03-30 01:00:00,14.397478069680806,0.0,0.10486309993350222,2.5048464103605723
2025-03-30 02:00:00,17.311697038997092,0.0,0.09001559147123282,1.9732501638586062
2025-03-30 03:00:00,15.907396038953202,0.0,0.11623256690528054,2.170185502551768
2025-03-30 04:00:00,16.955636859210195,0.0,0.11991370418416905,2.039026861379938
2025-03-30 05:00:00,16.53055553499989,0.0,0.10392913510548217,2.5702968537470965
2025-03-30 06:00:00,14.955036244027255,0.0,0.1159040356857364,3.4920918378506403
2025-03-30 07:00:00,19.28845222362753,1.1997932956617428,0.14430851801327466,3.3187087319517357
2025-03-30 08:00:00,23.917459864639596,2.17797888673532,0.1420288643377502,3.625547202601378
2025-03-30 09:00:00,22.0967635076269,2.933437277098627,0.15040924748728923,3.6567645181296733
2025-03-30 10:00:00,21.367722373971944,3.980657254966892,0.15434941038367897,2.963154184809623
2025-03-30 11:00:00,21.301977967275025,4.650337766645087,0.1460601331875688,2.3785419011714044
2025-03-30 12:00:00,21.83223557143829,4.382123494459973,0.15537768190368484,2.3113465340333255
2025-03-30 13:00:00,22.51699288385024,3.9914650730799677,0.15306389482073413,2.011693616066838
2025-03-30 14:00:00,19.62539372061027,3.6344385906352263,0.14001693224708944,2.079948955395727
2025-03-30 15:00:00,22.59133961778317,2.9963531802500563,0.1551879301745172,2.1030957127427885
2025-03-30 16:00:00,21.371608705382087,2.149948796497268,0.1586352824252152,2.9988940116399307
2025-03-30 17:00:00,20.652272456089687,1.2016437867551346,0.3017146931759039,3.26349967488748
2025-03-30 18:00:00,19.456250340434813,5.634533160690587e-16,0.31152648103261693,3.8461000752148498
2025-03-30 19:00:00,18.051504583453642,0.0,0.28782596206503047,3.792808019215448
2025-03-30 20:00:00,18.30782858617045,0.0,0.3046795042213185,3.896864384859983
2025-03-30 21:00:00,17.564937589272645,0.0,0.28829719293603223,3.240459334735282
2025-03-30 22:00:00,15.66939945445537,0.0,0.13885918641766912,3.064469640640535
2025-03-30 23:00:00,15.040356594007664,0.0,0.1436906916626221,2.934515450957132
2025-03-31 00:00:00,16.022896109099403,0.0,0.09057939816425756,2.3959075232964318
2025-03-31 01:00:00,18.295864414582,0.0,0.09452004181258863,1.9988752221739032
2025-03-31 02:00:00,14.413374841372256,0.0,0.09785849689288811,2.093432307301911
2025-03-31 03:00:00,14.547503424018121,0.0,0.10837154486331385,3.078767103580309
2025-03-31 04:00:00,17.6172529280612,0.0,0.09678840961294298,2.5981043678805817
2025-03-31 05:00:00,18.169986083682886,0.0,0.08414374293230407,2.631513672164944
2025-03-31 06:00:00,19.130124162762037,0.0,0.11140067846495161,2.759155324757532
2025-03-31 07:00:00,20.012498598376737,1.2138734571441825,0.1416290986638496,3.3010280363172386
2025-03-31 08:00:00,20.035308284254214,2.158050655773485,0.14941279572895372,3.3913270330711796
2025-03-31 09:00:00,23.226227167669187,2.8678418603069966,0.1544653650694071,3.576607341555696
2025-03-31 10:00:00,19.066831909844964,3.992214958190366,0.1519961041840278,2.9629036460154747
2025-03-31 11:00:00,20.52514360790326,4.0963019301703145,0.16094179547521476,2.333469043911906
2025-03-31 12:00:00,21.715229525982853,4.38680724205188,0.15479003143392758,2.123745071171811
2025-03-31 13:00:00,19.303105928342376,3.9415383928471686,0.1413869042030289,2.3447904738436773
2025-03-31 14:00:00,21.204406270911633,3.591548729089486,0.17178562173991663,2.5008530614192566
2025-03-31 15:00:00,23.483637258358094,3.0391288486045225,0.15194333463338233,2.7127405853638344
2025-03-31 16:00:00,20.401441398650366,2.0448797502800784,0.14852659773378493,2.9650489264338478
2025-03-31 17:00:00,19.992620160092013,1.2710153644904922,0.3096392542305557,3.2901752162568405
2025-03-31 18:00:00,16.979864518447553,4.905992688668978e-16,0.30249450945930073,3.2837939187721465
2025-03-31 19:00:00,17.169112418839642,0.0,0.30399228192939326,4.159138919437663
2025-03-31 20:00:00,16.807317095720517,0.0,0.3249218399860069,3.9524310556616062
2025-03-31 21:00:00,16.27221867751243,0.0,0.2972487857174495,3.5759702710377956
2025-03-31 22:00:00,18.19450114735876,0.0,0.14682239105982603,2.8239187889221857
2025-03-31 23:00:00,16.808870778426904,0.0,0.15116578512012463,2.2814761101891663
